country,indicator,date,value,unit
euro-area,interest-rate,1998-12-18,3.0,%
euro-area,interest-rate,1999-01-04,3.0,%
euro-area,interest-rate,1999-02-01,3.0,%
euro-area,interest-rate,1999-03-01,3.0,%
euro-area,interest-rate,1999-04-01,3.0,%
euro-area,interest-rate,1999-04-08,2.5,%
euro-area,interest-rate,1999-05-03,2.5,%
euro-area,interest-rate,1999-06-01,2.5,%
euro-area,interest-rate,1999-07-01,2.5,%
euro-area,interest-rate,1999-08-02,2.5,%
euro-area,interest-rate,1999-09-01,2.5,%
euro-area,interest-rate,1999-10-01,2.5,%
euro-area,interest-rate,1999-11-01,2.5,%
euro-area,interest-rate,1999-11-04,3.0,%
euro-area,interest-rate,1999-12-01,3.0,%
euro-area,interest-rate,2000-01-03,3.0,%
euro-area,interest-rate,2000-02-01,3.0,%
euro-area,interest-rate,2000-02-03,3.25,%
euro-area,interest-rate,2000-03-01,3.25,%
euro-area,interest-rate,2000-03-16,3.5,%
euro-area,interest-rate,2000-04-03,3.5,%
euro-area,interest-rate,2000-04-27,3.75,%
euro-area,interest-rate,2000-05-02,3.75,%
euro-area,interest-rate,2000-06-01,3.75,%
euro-area,interest-rate,2000-06-08,4.25,%
euro-area,interest-rate,2000-07-03,4.25,%
euro-area,interest-rate,2000-08-01,4.25,%
euro-area,interest-rate,2000-08-31,4.5,%
euro-area,interest-rate,2000-09-01,4.5,%
euro-area,interest-rate,2000-10-02,4.5,%
euro-area,interest-rate,2000-10-05,4.75,%
euro-area,interest-rate,2000-11-01,4.75,%
euro-area,interest-rate,2000-12-01,4.75,%
euro-area,interest-rate,2001-01-02,4.75,%
euro-area,interest-rate,2001-02-01,4.75,%
euro-area,interest-rate,2001-03-01,4.75,%
euro-area,interest-rate,2001-04-02,4.75,%
euro-area,interest-rate,2001-05-02,4.75,%
euro-area,interest-rate,2001-05-10,4.5,%
euro-area,interest-rate,2001-06-01,4.5,%
euro-area,interest-rate,2001-07-02,4.5,%
euro-area,interest-rate,2001-08-01,4.5,%
euro-area,interest-rate,2001-08-30,4.25,%
euro-area,interest-rate,2001-09-03,4.25,%
euro-area,interest-rate,2001-09-17,3.75,%
euro-area,interest-rate,2001-10-01,3.75,%
euro-area,interest-rate,2001-11-01,3.75,%
euro-area,interest-rate,2001-11-08,3.25,%
euro-area,interest-rate,2001-12-03,3.25,%
euro-area,interest-rate,2002-01-01,3.25,%
euro-area,interest-rate,2002-02-01,3.25,%
euro-area,interest-rate,2002-03-01,3.25,%
euro-area,interest-rate,2002-04-02,3.25,%
euro-area,interest-rate,2002-05-01,3.25,%
euro-area,interest-rate,2002-06-03,3.25,%
euro-area,interest-rate,2002-07-01,3.25,%
euro-area,interest-rate,2002-08-01,3.25,%
euro-area,interest-rate,2002-09-02,3.25,%
euro-area,interest-rate,2002-10-01,3.25,%
euro-area,interest-rate,2002-11-01,3.25,%
euro-area,interest-rate,2002-12-02,3.25,%
euro-area,interest-rate,2002-12-05,2.75,%
euro-area,interest-rate,2003-01-02,2.75,%
euro-area,interest-rate,2003-02-03,2.75,%
euro-area,interest-rate,2003-03-03,2.75,%
euro-area,interest-rate,2003-03-06,2.5,%
euro-area,interest-rate,2003-04-01,2.5,%
euro-area,interest-rate,2003-05-01,2.5,%
euro-area,interest-rate,2003-06-02,2.5,%
euro-area,interest-rate,2003-06-05,2.0,%
euro-area,interest-rate,2003-07-01,2.0,%
euro-area,interest-rate,2003-08-01,2.0,%
euro-area,interest-rate,2003-09-01,2.0,%
euro-area,interest-rate,2003-10-01,2.0,%
euro-area,interest-rate,2003-11-03,2.0,%
euro-area,interest-rate,2003-12-01,2.0,%
euro-area,interest-rate,2004-01-02,2.0,%
euro-area,interest-rate,2004-02-02,2.0,%
euro-area,interest-rate,2004-03-01,2.0,%
euro-area,interest-rate,2004-04-01,2.0,%
euro-area,interest-rate,2004-05-03,2.0,%
euro-area,interest-rate,2004-06-01,2.0,%
euro-area,interest-rate,2004-07-01,2.0,%
euro-area,interest-rate,2004-08-02,2.0,%
euro-area,interest-rate,2004-09-01,2.0,%
euro-area,interest-rate,2004-10-01,2.0,%
euro-area,interest-rate,2004-11-01,2.0,%
euro-area,interest-rate,2004-12-01,2.0,%
euro-area,interest-rate,2005-01-03,2.0,%
euro-area,interest-rate,2005-02-01,2.0,%
euro-area,interest-rate,2005-03-01,2.0,%
euro-area,interest-rate,2005-04-01,2.0,%
euro-area,interest-rate,2005-05-02,2.0,%
euro-area,interest-rate,2005-06-01,2.0,%
euro-area,interest-rate,2005-07-01,2.0,%
euro-area,interest-rate,2005-08-01,2.0,%
euro-area,interest-rate,2005-09-01,2.0,%
euro-area,interest-rate,2005-10-03,2.0,%
euro-area,interest-rate,2005-11-01,2.0,%
euro-area,interest-rate,2005-12-01,2.25,%
euro-area,interest-rate,2006-01-02,2.25,%
euro-area,interest-rate,2006-02-01,2.25,%
euro-area,interest-rate,2006-03-01,2.25,%
euro-area,interest-rate,2006-03-02,2.5,%
euro-area,interest-rate,2006-04-03,2.5,%
euro-area,interest-rate,2006-05-02,2.5,%
euro-area,interest-rate,2006-06-01,2.5,%
euro-area,interest-rate,2006-06-08,2.75,%
euro-area,interest-rate,2006-07-03,2.75,%
euro-area,interest-rate,2006-08-01,2.75,%
euro-area,interest-rate,2006-08-03,3.0,%
euro-area,interest-rate,2006-09-01,3.0,%
euro-area,interest-rate,2006-10-02,3.0,%
euro-area,interest-rate,2006-10-05,3.25,%
euro-area,interest-rate,2006-11-01,3.25,%
euro-area,interest-rate,2006-12-01,3.25,%
euro-area,interest-rate,2006-12-07,3.5,%
euro-area,interest-rate,2007-01-02,3.5,%
euro-area,interest-rate,2007-02-01,3.5,%
euro-area,interest-rate,2007-03-01,3.5,%
euro-area,interest-rate,2007-03-08,3.75,%
euro-area,interest-rate,2007-04-02,3.75,%
euro-area,interest-rate,2007-05-02,3.75,%
euro-area,interest-rate,2007-06-01,3.75,%
euro-area,interest-rate,2007-06-06,4.0,%
euro-area,interest-rate,2007-07-02,4.0,%
euro-area,interest-rate,2007-08-01,4.0,%
euro-area,interest-rate,2007-09-03,4.0,%
euro-area,interest-rate,2007-10-01,4.0,%
euro-area,interest-rate,2007-11-01,4.0,%
euro-area,interest-rate,2007-12-03,4.0,%
euro-area,interest-rate,2008-01-02,4.0,%
euro-area,interest-rate,2008-02-01,4.0,%
euro-area,interest-rate,2008-03-03,4.0,%
euro-area,interest-rate,2008-04-01,4.0,%
euro-area,interest-rate,2008-05-02,4.0,%
euro-area,interest-rate,2008-06-02,4.0,%
euro-area,interest-rate,2008-07-01,4.0,%
euro-area,interest-rate,2008-07-03,4.25,%
euro-area,interest-rate,2008-08-01,4.25,%
euro-area,interest-rate,2008-09-01,4.25,%
euro-area,interest-rate,2008-10-01,4.25,%
euro-area,interest-rate,2008-10-08,3.75,%
euro-area,interest-rate,2008-11-03,3.75,%
euro-area,interest-rate,2008-11-06,3.25,%
euro-area,interest-rate,2008-12-01,3.25,%
euro-area,interest-rate,2008-12-04,2.5,%
euro-area,interest-rate,2009-01-02,2.5,%
euro-area,interest-rate,2009-01-15,2.0,%
euro-area,interest-rate,2009-02-02,2.0,%
euro-area,interest-rate,2009-03-02,2.0,%
euro-area,interest-rate,2009-03-05,1.5,%
euro-area,interest-rate,2009-04-01,1.5,%
euro-area,interest-rate,2009-04-02,1.25,%
euro-area,interest-rate,2009-05-04,1.25,%
euro-area,interest-rate,2009-05-07,1.0,%
euro-area,interest-rate,2009-06-01,1.0,%
euro-area,interest-rate,2009-07-01,1.0,%
euro-area,interest-rate,2009-08-03,1.0,%
euro-area,interest-rate,2009-09-01,1.0,%
euro-area,interest-rate,2009-10-01,1.0,%
euro-area,interest-rate,2009-11-02,1.0,%
euro-area,interest-rate,2009-12-01,1.0,%
euro-area,interest-rate,2010-01-04,1.0,%
euro-area,interest-rate,2010-02-01,1.0,%
euro-area,interest-rate,2010-03-01,1.0,%
euro-area,interest-rate,2010-04-01,1.0,%
euro-area,interest-rate,2010-05-03,1.0,%
euro-area,interest-rate,2010-06-01,1.0,%
euro-area,interest-rate,2010-07-01,1.0,%
euro-area,interest-rate,2010-08-02,1.0,%
euro-area,interest-rate,2010-09-30,1.0,%
euro-area,interest-rate,2010-10-30,1.0,%
euro-area,interest-rate,2010-11-04,1.0,%
euro-area,interest-rate,2010-12-02,1.0,%
euro-area,interest-rate,2011-01-13,1.0,%
euro-area,interest-rate,2011-02-03,1.0,%
euro-area,interest-rate,2011-02-09,1.0,%
euro-area,interest-rate,2011-03-03,1.0,%
euro-area,interest-rate,2011-04-07,1.25,%
euro-area,interest-rate,2011-05-05,1.25,%
euro-area,interest-rate,2011-06-09,1.25,%
euro-area,interest-rate,2011-07-07,1.5,%
euro-area,interest-rate,2011-08-04,1.5,%
euro-area,interest-rate,2011-09-08,1.5,%
euro-area,interest-rate,2011-10-06,1.5,%
euro-area,interest-rate,2011-11-03,1.25,%
euro-area,interest-rate,2011-12-08,1.0,%
euro-area,interest-rate,2012-01-12,1.0,%
euro-area,interest-rate,2012-02-29,1.0,%
euro-area,interest-rate,2012-03-08,1.0,%
euro-area,interest-rate,2012-04-04,1.0,%
euro-area,interest-rate,2012-05-03,1.0,%
euro-area,interest-rate,2012-06-06,1.0,%
euro-area,interest-rate,2012-07-05,0.75,%
euro-area,interest-rate,2012-08-02,0.75,%
euro-area,interest-rate,2012-09-06,0.75,%
euro-area,interest-rate,2012-10-04,0.75,%
euro-area,interest-rate,2012-11-08,0.75,%
euro-area,interest-rate,2012-12-06,0.75,%
euro-area,interest-rate,2013-01-10,0.75,%
euro-area,interest-rate,2013-02-07,0.75,%
euro-area,interest-rate,2013-03-07,0.75,%
euro-area,interest-rate,2013-04-04,0.75,%
euro-area,interest-rate,2013-05-02,0.5,%
euro-area,interest-rate,2013-06-06,0.5,%
euro-area,interest-rate,2013-07-04,0.5,%
euro-area,interest-rate,2013-08-01,0.5,%
euro-area,interest-rate,2013-09-05,0.5,%
euro-area,interest-rate,2013-10-02,0.5,%
euro-area,interest-rate,2013-11-07,0.25,%
euro-area,interest-rate,2013-12-05,0.25,%
euro-area,interest-rate,2014-01-09,0.25,%
euro-area,interest-rate,2014-02-06,0.25,%
euro-area,interest-rate,2014-03-06,0.25,%
euro-area,interest-rate,2014-04-03,0.25,%
euro-area,interest-rate,2014-05-08,0.25,%
euro-area,interest-rate,2014-06-05,0.15,%
euro-area,interest-rate,2014-07-03,0.15,%
euro-area,interest-rate,2014-08-07,0.15,%
euro-area,interest-rate,2014-09-04,0.05,%
euro-area,interest-rate,2014-10-02,0.05,%
euro-area,interest-rate,2014-11-06,0.05,%
euro-area,interest-rate,2014-12-04,0.05,%
euro-area,interest-rate,2015-01-22,0.05,%
euro-area,interest-rate,2015-02-28,0.05,%
euro-area,interest-rate,2015-03-05,0.05,%
euro-area,interest-rate,2015-04-15,0.05,%
euro-area,interest-rate,2015-05-31,0.05,%
euro-area,interest-rate,2015-06-03,0.05,%
euro-area,interest-rate,2015-07-16,0.05,%
euro-area,interest-rate,2015-08-31,0.05,%
euro-area,interest-rate,2015-09-03,0.05,%
euro-area,interest-rate,2015-10-22,0.05,%
euro-area,interest-rate,2015-11-30,0.05,%
euro-area,interest-rate,2015-12-03,0.05,%
euro-area,interest-rate,2016-01-22,0.05,%
euro-area,interest-rate,2016-02-29,0.05,%
euro-area,interest-rate,2016-03-10,0.0,%
euro-area,interest-rate,2016-04-21,0.0,%
euro-area,interest-rate,2016-05-31,0.0,%
euro-area,interest-rate,2016-06-02,0.0,%
euro-area,interest-rate,2016-07-21,0.0,%
euro-area,interest-rate,2016-08-31,0.0,%
euro-area,interest-rate,2016-09-08,0.0,%
euro-area,interest-rate,2016-10-20,0.0,%
euro-area,interest-rate,2016-11-30,0.0,%
euro-area,interest-rate,2016-12-08,0.0,%
euro-area,interest-rate,2017-01-19,0.0,%
euro-area,interest-rate,2017-02-28,0.0,%
euro-area,interest-rate,2017-03-09,0.0,%
euro-area,interest-rate,2017-04-27,0.0,%
euro-area,interest-rate,2017-05-31,0.0,%
euro-area,interest-rate,2017-06-08,0.0,%
euro-area,interest-rate,2017-07-20,0.0,%
euro-area,interest-rate,2017-08-31,0.0,%
euro-area,interest-rate,2017-09-07,0.0,%
euro-area,interest-rate,2017-10-26,0.0,%
euro-area,interest-rate,2017-11-30,0.0,%
euro-area,interest-rate,2017-12-14,0.0,%
euro-area,interest-rate,2018-01-25,0.0,%
euro-area,interest-rate,2018-02-28,0.0,%
euro-area,interest-rate,2018-03-08,0.0,%
euro-area,interest-rate,2018-04-26,0.0,%
euro-area,interest-rate,2018-05-31,0.0,%
euro-area,interest-rate,2018-06-14,0.0,%
euro-area,interest-rate,2018-07-26,0.0,%
euro-area,interest-rate,2018-08-31,0.0,%
euro-area,interest-rate,2018-09-13,0.0,%
euro-area,interest-rate,2018-10-25,0.0,%
euro-area,interest-rate,2018-11-30,0.0,%
euro-area,interest-rate,2018-12-13,0.0,%
euro-area,interest-rate,2019-01-24,0.0,%
euro-area,interest-rate,2019-02-28,0.0,%
euro-area,interest-rate,2019-03-07,0.0,%
euro-area,interest-rate,2019-04-10,0.0,%
euro-area,interest-rate,2019-05-31,0.0,%
euro-area,interest-rate,2019-06-06,0.0,%
euro-area,interest-rate,2019-07-25,0.0,%
euro-area,interest-rate,2019-08-31,0.0,%
euro-area,interest-rate,2019-09-12,0.0,%
euro-area,interest-rate,2019-10-24,0.0,%
euro-area,interest-rate,2019-11-30,0.0,%
euro-area,interest-rate,2019-12-12,0.0,%
euro-area,interest-rate,2020-01-23,0.0,%
euro-area,interest-rate,2020-02-29,0.0,%
euro-area,interest-rate,2020-03-12,0.0,%
euro-area,interest-rate,2020-04-30,0.0,%
euro-area,interest-rate,2020-05-31,0.0,%
euro-area,interest-rate,2020-06-04,0.0,%
euro-area,interest-rate,2020-07-16,0.0,%
euro-area,interest-rate,2020-08-31,0.0,%
euro-area,interest-rate,2020-09-10,0.0,%
euro-area,interest-rate,2020-10-29,0.0,%
euro-area,interest-rate,2020-11-30,0.0,%
euro-area,interest-rate,2020-12-10,0.0,%
euro-area,interest-rate,2021-01-21,0.0,%
euro-area,interest-rate,2021-02-28,0.0,%
euro-area,interest-rate,2021-03-11,0.0,%
euro-area,interest-rate,2021-04-22,0.0,%
euro-area,interest-rate,2021-05-31,0.0,%
euro-area,interest-rate,2021-06-10,0.0,%
euro-area,interest-rate,2021-07-22,0.0,%
euro-area,interest-rate,2021-08-31,0.0,%
euro-area,interest-rate,2021-09-09,0.0,%
euro-area,interest-rate,2021-10-28,0.0,%
euro-area,interest-rate,2021-11-30,0.0,%
euro-area,interest-rate,2021-12-16,0.0,%
euro-area,interest-rate,2022-01-31,0.0,%
euro-area,interest-rate,2022-02-03,0.0,%
euro-area,interest-rate,2022-03-10,0.0,%
euro-area,interest-rate,2022-04-14,0.0,%
euro-area,interest-rate,2022-05-31,0.0,%
euro-area,interest-rate,2022-06-09,0.0,%
euro-area,interest-rate,2022-07-21,0.5,%
euro-area,interest-rate,2022-08-31,0.5,%
euro-area,interest-rate,2022-09-08,1.25,%
euro-area,interest-rate,2022-10-27,2.0,%
euro-area,interest-rate,2022-11-30,2.0,%
euro-area,interest-rate,2022-12-15,2.5,%
euro-area,interest-rate,2023-01-31,2.5,%
euro-area,interest-rate,2023-02-02,3.0,%
euro-area,interest-rate,2023-03-16,3.5,%
euro-area,interest-rate,2023-04-30,3.5,%
euro-area,interest-rate,2023-05-10,3.75,%
euro-area,interest-rate,2023-06-15,4.0,%
euro-area,interest-rate,2023-07-27,4.25,%
euro-area,interest-rate,2023-08-31,4.25,%
euro-area,interest-rate,2023-09-14,4.5,%
euro-area,interest-rate,2023-10-26,4.5,%
euro-area,interest-rate,2023-11-30,4.5,%
euro-area,interest-rate,2023-12-14,4.5,%
euro-area,interest-rate,2024-01-25,4.5,%
euro-area,interest-rate,2024-02-29,4.5,%
euro-area,interest-rate,2024-03-31,4.5,%
euro-area,interest-rate,2024-04-11,4.5,%
euro-area,interest-rate,2024-05-31,4.5,%
euro-area,interest-rate,2024-06-06,4.25,%
euro-area,interest-rate,2024-07-18,4.25,%
euro-area,interest-rate,2024-08-31,4.25,%
euro-area,interest-rate,2024-09-12,3.65,%
euro-area,interest-rate,2024-10-17,3.4,%
euro-area,interest-rate,2024-11-30,3.4,%
euro-area,interest-rate,2024-12-12,3.15,%
euro-area,interest-rate,2025-01-30,2.9,%
euro-area,interest-rate,2025-02-28,2.9,%
euro-area,interest-rate,2025-03-06,2.65,%
