horizon,model,calibration,margin,score,acc_test,f1_macro_test,operable_share,operable_accuracy,operable_f1,dir_acc,dir_f1,dir_acc_operable,high_vol_dir_acc_operable,low_vol_dir_acc_operable,high_vol_dir_f1,low_vol_dir_f1,high_vol_coverage,low_vol_coverage,selection
1,ensemble,isotonic,0.0,0.4067259921296416,0.6558182942143015,0.3180902650256036,0.08581284216839778,0.34533707162383637,0.23469425604457342,0.07008110786522863,0.10487267317788387,0.7081833233794018,0.7461111111111112,0.6887643946467475,0.08481720734833571,0.10926500440759009,0.0531334919678651,0.11851639940147336,best_joint
1,ensemble,platt,0.0,0.38170767859450055,0.6836311890557123,0.27063800743053906,0.0,,,0.0,0.0,,,,0.0,0.0,0.0,0.0,best_joint
1,ensemble,raw,0.02,0.42534888708364677,0.48602268143439853,0.35199144851638275,0.45071617551667115,0.22091859426741564,0.20807060779816935,0.2976780326038789,0.3700614722807697,0.6340139029246445,0.6609126461952922,0.6158667703424737,0.3160780727259123,0.401733325820648,0.36254275352949356,0.539007439968974,best_joint
1,ensemble,temperature,0.08,0.4280226059473809,0.5227309049480368,0.3629644858144983,0.3687222482118343,0.22841325877477597,0.21474106625320036,0.24761412752599074,0.3302741616357969,0.6400218014938527,0.6583037697682776,0.6256630586940961,0.2749876953480999,0.362365711609942,0.28728889744138425,0.45026912232802235,best_joint
1,stacked,meta,0.02,0.3862378063240254,0.6753194096725824,0.2808579602073533,0.018834291860255474,0.25595238095238093,0.1658862433862434,0.01060340089465955,0.020079298776040626,0.5700000000000001,0.45098039215686275,0.775,0.015955975886289473,0.02363050483351235,0.028184943014299708,0.009469017505180238,best_joint
1,tcn,isotonic,0.0,0.3865008391103207,0.6703084389452431,0.2811915924946065,0.029504132671904208,0.1603174603174603,0.10316627816627816,0.017189543847930755,0.027126862333183666,0.47348484848484845,0.44166666666666665,0.5972222222222222,0.015754822153509603,0.035592978450121306,0.022329116111325105,0.03670086819258089,best_joint
1,tcn,platt,0.08,0.3813976091159956,0.6820548343759094,0.270355444571715,0.002167487684729064,0.0,0.0,0.0,0.0,0.0,0.0,,0.0,0.0,0.004329004329004329,0.0,best_joint
1,tcn,raw,0.2,0.36733266738350984,0.31773208891348803,0.22910213177535238,0.7429948955398683,0.17509661569505855,0.12287703547448905,0.40423455025248867,0.3402160601570002,0.5272814940975341,0.5104285400275553,0.5312000271314686,0.31263280779972613,0.3502571420232637,0.6657882953392508,0.8202967714733721,best_joint
1,tcn,temperature,0.2,0.3780226278831079,0.38884248956753825,0.2532412925270505,0.6059455752263619,0.17917931358831377,0.11912743998282795,0.3281518432915706,0.2891987240451269,0.5286249986854207,0.4902624042258211,0.5415997302542239,0.2554476253951488,0.3008431953933551,0.516931645152604,0.6950953750940939,best_joint
2,ensemble,isotonic,0.0,0.3522146960036584,0.6144053578320479,0.2605636451377073,0.011135474078781593,0.2015533486121721,0.15826118326118327,0.005624595686452164,0.010915520439329963,0.4962962962962963,0.8333333333333334,0.19999999999999998,0.015938913810290622,0.006036217303822937,0.01271269695280738,0.009548907111508406,best_joint
2,ensemble,platt,0.0,0.3494179817706861,0.6187689927576056,0.25477596166910976,0.0,,,0.0,0.0,,,,0.0,0.0,0.0,0.0,best_joint
2,ensemble,raw,0.0,0.39347359352236744,0.4370280136781891,0.30838088388341056,0.4765501724886378,0.20696590406195092,0.17912847155455905,0.2658679158761332,0.2988766187346365,0.5190495467866549,0.5332725957355031,0.5119498489350537,0.22625053715239976,0.3424487914861375,0.3399491216411511,0.6133426510240529,best_joint
2,ensemble,temperature,0.02,0.39386663228520735,0.4534732040868521,0.3120291627898681,0.4383284276725963,0.20808390708474836,0.17994050662435238,0.24411900653888768,0.281319507731394,0.5133110236491282,0.5382195753247949,0.5039125527886996,0.21382767200926697,0.3215933743195704,0.3143038382215599,0.5625286195994924,best_joint
2,stacked,meta,0.02,0.3525819367421269,0.6152203823161927,0.2611620761532378,0.010144766771773778,0.10049019607843138,0.0664935064935065,0.005958043723061391,0.011508477619009421,0.24285714285714288,0.29166666666666663,0.4166666666666667,0.014625850340136054,0.010847196021265649,0.012458896030112578,0.007827336126106865,best_joint
2,tcn,isotonic,0.02,0.37052803601440143,0.5685344386446084,0.2861847738495313,0.1432017550837276,0.20701269638290098,0.13412908179261432,0.07758513809652201,0.09580983251787734,0.4974142061998448,0.5410408432147562,0.32569404279930597,0.08796874558521929,0.09114308396996347,0.09278660906689039,0.1936319121706306,best_joint
2,tcn,platt,0.0,0.35766338670218334,0.6008623852585215,0.2649606447288981,0.0566708735360773,0.13066202090592335,0.06906077348066299,0.03785966683493185,0.03924646781789639,0.6147540983606558,0.6,0.6160714285714286,0.013186813186813187,0.04739010989010989,0.011806375442739079,0.10153591595078286,best_joint
2,tcn,raw,0.16,0.3584605309449067,0.2657117773546365,0.2047360175935806,0.8514070648280991,0.19857520155223574,0.1496123454746757,0.43935232833583626,0.3723283996434282,0.5164127550103201,0.5571237688279371,0.491392389871345,0.35021985820796375,0.38297113400971183,0.791364812879599,0.9114774280511817,best_joint
2,tcn,temperature,0.2,0.36979909913289344,0.3379646644505601,0.2402782383816395,0.6925096900000679,0.20791115521993211,0.1552134268819705,0.36349310790916606,0.3205841997144144,0.5250351663137897,0.5914457756451533,0.4920604240842152,0.3059373559243365,0.32483878113986575,0.6500124819091815,0.7350117819881812,best_joint
3,ensemble,isotonic,0.0,0.3504360214371341,0.5719611749094907,0.2665862016641176,0.07508535403845366,0.16734663362952837,0.11018388463939469,0.03645465587393066,0.05091842445821881,0.41202592697157914,0.425,0.4242338961851157,0.012473234273070994,0.07153061224489796,0.027556930604022017,0.12274179196173043,best_joint
3,ensemble,platt,0.0,0.34527568032032824,0.599356068677486,0.25664101389673355,0.01438423645320197,0.2191780821917808,0.1198501872659176,0.0078010726474890294,0.012223071046600458,0.47058823529411764,0.0,0.48484848484848486,0.0,0.019704433497536946,0.0015741833923652107,0.02722967640094712,best_joint
3,ensemble,raw,0.02,0.38317613265908385,0.4412588522760272,0.2997293637143847,0.4339042313145952,0.20678324052723832,0.17682505643864005,0.23219901404053062,0.26923657094851633,0.5021462043914188,0.5892574461093416,0.4612481805713318,0.226699351473848,0.28188663797794006,0.34086324292175607,0.5270326105414971,best_joint
3,ensemble,temperature,0.0,0.3820681489641519,0.42594333545978824,0.29626941853743477,0.4659152368263134,0.20032713747815764,0.17240752966073422,0.24541770894739015,0.2793603005228203,0.48845576428438076,0.5540657879271788,0.4589560592826265,0.23376285314955933,0.2916442584633985,0.3649776315727226,0.566946869394935,best_joint
3,stacked,meta,0.0,0.3480270252126866,0.5970142919047502,0.26257830260799075,0.020949937037950946,0.3659926470588235,0.2904091852735264,0.011699713106982803,0.021184872469537343,0.5377331002331003,0.3,0.7321428571428572,0.009972170686456403,0.029078512902042313,0.02295408260762957,0.018954998193467857,best_joint
3,tcn,isotonic,0.08,0.35741276387577114,0.5589473353492258,0.26996566460848126,0.1292378194634415,0.3047466535271413,0.24214184236485756,0.06714595769852148,0.07667519282045887,0.6075790082607853,0.3822463768115942,0.7324142156862745,0.06795426328647523,0.07899293377552365,0.10424816313583374,0.15419847432100534,best_joint
3,tcn,platt,0.0,0.34993578291618127,0.5828333855090347,0.25904660700377174,0.06591892955529319,0.2626865671641791,0.13869188337273444,0.04068423485899214,0.040949278734295026,0.6285714285714286,0.85,0.5916666666666667,0.028239202657807307,0.04589528118939884,0.029122392758756395,0.10271546635183,best_joint
3,tcn,raw,0.04,0.36128472791496363,0.335264154043923,0.22590461847636206,0.6840860945342477,0.2003249253957791,0.12681540010660095,0.3452969945984769,0.29577072347679306,0.4986190008642403,0.5143577305605934,0.4890821396281186,0.2921298265013576,0.27642172241732005,0.6565066276462269,0.7116093238780244,best_joint
3,tcn,temperature,0.1,0.36273432453309423,0.35536284576300076,0.2316678709934558,0.6396101891525579,0.2056211925102067,0.12836583100200175,0.32410797942597114,0.27985847707717565,0.5012554462421644,0.5423487670953555,0.41894626339626967,0.2712303112305352,0.2627442679538764,0.6129263025975151,0.6662383150068684,best_joint
4,ensemble,isotonic,0.0,0.35400194834105125,0.5637368526451904,0.27862678274488567,0.08528247092510415,0.2646693468275306,0.16791177607344082,0.050893538575053285,0.07282170516644551,0.5353586049441033,0.26136363636363635,0.5858618563058896,0.014903639903639906,0.10147138327984954,0.022825659189295553,0.1478503916977046,best_joint
4,ensemble,platt,0.0,0.3358738550875616,0.5881638363198229,0.24945183588183967,0.004137931034482759,0.23809523809523808,0.12820512820512822,0.0022820629849383844,0.004035512510088781,0.45454545454545453,,0.45454545454545453,0.0,0.006934812760055478,0.0,0.008287292817679558,best_joint
4,ensemble,raw,0.02,0.391770505986666,0.4105315089850237,0.31199471558652964,0.513800080790223,0.2223745841035818,0.18730787314525918,0.28068341814118397,0.31686151118946226,0.5150486077650717,0.49828813047417697,0.506030126467712,0.2350663663933541,0.3548578067003954,0.3823655192540717,0.6453982573824011,best_joint
4,ensemble,temperature,0.04,0.39179599628410017,0.4452379767079711,0.3190331512878047,0.43043772542894937,0.2278046021231208,0.1876250042470607,0.24112790986129082,0.2858825494890373,0.5216574396870306,0.5267763846842215,0.5004619889635482,0.22337978651339263,0.31089199880463436,0.3181322019255043,0.5428900093091069,best_joint
4,stacked,meta,0.0,0.35633392909962947,0.5483430342797464,0.27835375782315086,0.1282760612923526,0.21512072350153755,0.13748438569401103,0.08149672566241703,0.09743839417033842,0.520522350278448,0.6269240019240019,0.5276108623429149,0.0899214921338606,0.10047753697882178,0.09680850984519662,0.1597474009349042,best_joint
4,tcn,isotonic,0.0,0.35597565002558745,0.5266837400630933,0.2778901614354442,0.17073044713086213,0.2031563142803993,0.1219530856778757,0.08203801434199519,0.10698464261632833,0.4744960663923403,0.5741414141414142,0.5224098394830102,0.08835377086687513,0.11703091560722453,0.1130433428400005,0.22846967869077042,best_joint
4,tcn,platt,0.16,0.3452797459036761,0.573210451147002,0.25850524576488393,0.06296733569460843,0.30625,0.15629984051036683,0.04516129032258064,0.04347826086956522,0.6950354609929078,0.9375,0.664,0.02613240418118467,0.0494047619047619,0.023219205037386857,0.10271546635183,best_joint
4,tcn,raw,0.0,0.34998475912628024,0.2763305494120049,0.18798247127288814,0.8212977542616151,0.2041315284185973,0.12983987789000614,0.4022258992153422,0.3168497003137411,0.4859482986797589,0.5011796842398151,0.4720353730965477,0.3003114324442766,0.321962486267867,0.7378491039802993,0.9048427494249491,best_joint
4,tcn,temperature,0.12,0.351346112931416,0.2967980200630574,0.19587415173539727,0.7713862210601704,0.20720092486012714,0.12889861971907465,0.38141234955277853,0.3014626856077133,0.4946717943763122,0.5454057562055059,0.4756725134094775,0.28381497653402327,0.3085592905820396,0.6937684558709414,0.8491002846466726,best_joint
5,ensemble,isotonic,0.0,0.34844006202995054,0.5617473825966536,0.27456061382622676,0.06958431730399194,0.3172626382259229,0.1889907064518769,0.041424833199026026,0.06314735435186009,0.5388467918693328,0.39999999999999997,0.5515834575260805,0.013963480128893662,0.08977256310761837,0.01090049957721235,0.1284198052449346,best_joint
5,ensemble,platt,0.0,0.33431803289981976,0.5781923595842003,0.2503120822712604,0.014581280788177341,0.20270270270270271,0.11235955056179775,0.006738544474393531,0.010302197802197802,0.39473684210526316,,0.39473684210526316,0.0,0.015991471215351813,0.0,0.02920284135753749,best_joint
5,ensemble,raw,0.06,0.3852925087899791,0.4033466509717986,0.30010421478700894,0.5195608124322801,0.22289960390650254,0.18422031442452805,0.2778142888057001,0.3031530995218743,0.5188871853018521,0.5709942237072222,0.4959890830594428,0.24061052039917558,0.33324136242114133,0.38769908501072486,0.6516277466825293,best_joint
5,ensemble,temperature,0.02,0.38586385699963177,0.3998209075699942,0.30054509586470207,0.528587278128766,0.21840221487295366,0.17901650864126842,0.27946914975968656,0.3048326656435641,0.5058839870010573,0.5716245392215583,0.48048776698349466,0.24212062051716968,0.3325720029872207,0.38968512233100855,0.6676919071523175,best_joint
5,stacked,meta,0.0,0.34745462060307686,0.5539158911882606,0.2762902914178794,0.07686073780310419,0.24864704530153717,0.19502648658968494,0.04361600906449216,0.07182500436352587,0.6669158804721114,0.6484920634920635,0.7980952380952381,0.07027081718757731,0.07223212666524292,0.07550678108054364,0.0782451223637789,best_joint
5,tcn,isotonic,0.0,0.34837891285906114,0.5645986748265522,0.26968966035854613,0.07331789392510905,0.3154916512059369,0.2621161374373004,0.04861625653272662,0.05955546126598914,0.47950274126744713,0.330188679245283,0.4793151395173454,0.04065040650406504,0.07065750786774481,0.053968780199569466,0.09271246156716108,best_joint
5,tcn,platt,0.0,0.3326106679048965,0.5796443608866088,0.24830640318720848,0.007151811376847959,0.16666666666666666,0.08333333333333333,0.003355704697986577,0.005847953216374269,0.3888888888888889,0.35714285714285715,0.5,0.009276437847866418,0.00303951367781155,0.011639466208286474,0.002655352437687184,best_joint
5,tcn,raw,0.12,0.35303011516095584,0.28810937614349824,0.20597413879719856,0.7769835459233855,0.1999296877831676,0.13336707810267132,0.3788460886251486,0.31408357419868665,0.48337419410784843,0.5090643575123798,0.4712825529465094,0.29567735664154765,0.29817972995136205,0.7489856318732783,0.8049582161015506,best_joint
5,tcn,temperature,0.16,0.35267605949771186,0.312899108205114,0.211777896763206,0.7140262875519191,0.19726243814087363,0.12901252113626763,0.35004270243646396,0.29040980614443657,0.4788105646951437,0.5343941830447317,0.44796185615151135,0.28642718276465595,0.25347914245546593,0.693615059152247,0.7344054414776318,best_joint
1,ensemble,isotonic,0.0,0.4067259921296416,0.6558182942143015,0.3180902650256036,0.08581284216839778,0.34533707162383637,0.23469425604457342,0.07008110786522863,0.10487267317788387,0.7081833233794018,0.7461111111111112,0.6887643946467475,0.08481720734833571,0.10926500440759009,0.0531334919678651,0.11851639940147336,best_f1
1,ensemble,platt,0.0,0.38170767859450055,0.6836311890557123,0.27063800743053906,0.0,,,0.0,0.0,,,,0.0,0.0,0.0,0.0,best_f1
1,ensemble,raw,0.06,0.42421246664034706,0.5075007036492959,0.35209188427779603,0.4018771573475513,0.22621347162867142,0.21268319141981312,0.265487252288488,0.34053611534306344,0.6394384701904976,0.6744623449552843,0.6169243290757856,0.2928457826664107,0.36632688194250285,0.32552942778649374,0.47832583448346805,best_f1
1,ensemble,temperature,0.08,0.4280226059473809,0.5227309049480368,0.3629644858144983,0.3687222482118343,0.22841325877477597,0.21474106625320036,0.24761412752599074,0.3302741616357969,0.6400218014938527,0.6583037697682776,0.6256630586940961,0.2749876953480999,0.362365711609942,0.28728889744138425,0.45026912232802235,best_f1
1,stacked,meta,0.02,0.3862378063240254,0.6753194096725824,0.2808579602073533,0.018834291860255474,0.25595238095238093,0.1658862433862434,0.01060340089465955,0.020079298776040626,0.5700000000000001,0.45098039215686275,0.775,0.015955975886289473,0.02363050483351235,0.028184943014299708,0.009469017505180238,best_f1
1,tcn,isotonic,0.0,0.3865008391103207,0.6703084389452431,0.2811915924946065,0.029504132671904208,0.1603174603174603,0.10316627816627816,0.017189543847930755,0.027126862333183666,0.47348484848484845,0.44166666666666665,0.5972222222222222,0.015754822153509603,0.035592978450121306,0.022329116111325105,0.03670086819258089,best_f1
1,tcn,platt,0.08,0.3813976091159956,0.6820548343759094,0.270355444571715,0.002167487684729064,0.0,0.0,0.0,0.0,0.0,0.0,,0.0,0.0,0.004329004329004329,0.0,best_f1
1,tcn,raw,0.2,0.36733266738350984,0.31773208891348803,0.22910213177535238,0.7429948955398683,0.17509661569505855,0.12287703547448905,0.40423455025248867,0.3402160601570002,0.5272814940975341,0.5104285400275553,0.5312000271314686,0.31263280779972613,0.3502571420232637,0.6657882953392508,0.8202967714733721,best_f1
1,tcn,temperature,0.2,0.3780226278831079,0.38884248956753825,0.2532412925270505,0.6059455752263619,0.17917931358831377,0.11912743998282795,0.3281518432915706,0.2891987240451269,0.5286249986854207,0.4902624042258211,0.5415997302542239,0.2554476253951488,0.3008431953933551,0.516931645152604,0.6950953750940939,best_f1
2,ensemble,isotonic,0.0,0.3522146960036584,0.6144053578320479,0.2605636451377073,0.011135474078781593,0.2015533486121721,0.15826118326118327,0.005624595686452164,0.010915520439329963,0.4962962962962963,0.8333333333333334,0.19999999999999998,0.015938913810290622,0.006036217303822937,0.01271269695280738,0.009548907111508406,best_f1
2,ensemble,platt,0.0,0.3494179817706861,0.6187689927576056,0.25477596166910976,0.0,,,0.0,0.0,,,,0.0,0.0,0.0,0.0,best_f1
2,ensemble,raw,0.04,0.3929546300775337,0.46313907605247034,0.3111481289963644,0.4161987402899988,0.2130989366980875,0.18499940891795505,0.2335481033917406,0.26996759822041677,0.5324624302365473,0.5549482299282331,0.5227588346096133,0.20975557186230803,0.30387100977993836,0.3002761689651195,0.5322860008603215,best_f1
2,ensemble,temperature,0.02,0.39386663228520735,0.4534732040868521,0.3120291627898681,0.4383284276725963,0.20808390708474836,0.17994050662435238,0.24411900653888768,0.281319507731394,0.5133110236491282,0.5382195753247949,0.5039125527886996,0.21382767200926697,0.3215933743195704,0.3143038382215599,0.5625286195994924,best_f1
2,stacked,meta,0.02,0.3525819367421269,0.6152203823161927,0.2611620761532378,0.010144766771773778,0.10049019607843138,0.0664935064935065,0.005958043723061391,0.011508477619009421,0.24285714285714288,0.29166666666666663,0.4166666666666667,0.014625850340136054,0.010847196021265649,0.012458896030112578,0.007827336126106865,best_f1
2,tcn,isotonic,0.02,0.37052803601440143,0.5685344386446084,0.2861847738495313,0.1432017550837276,0.20701269638290098,0.13412908179261432,0.07758513809652201,0.09580983251787734,0.4974142061998448,0.5410408432147562,0.32569404279930597,0.08796874558521929,0.09114308396996347,0.09278660906689039,0.1936319121706306,best_f1
2,tcn,platt,0.0,0.35766338670218334,0.6008623852585215,0.2649606447288981,0.0566708735360773,0.13066202090592335,0.06906077348066299,0.03785966683493185,0.03924646781789639,0.6147540983606558,0.6,0.6160714285714286,0.013186813186813187,0.04739010989010989,0.011806375442739079,0.10153591595078286,best_f1
2,tcn,raw,0.18,0.358295092073561,0.2675673336350427,0.20483647000851235,0.8466678530806945,0.19803193183022208,0.14833669930854915,0.43626220417428346,0.36874598835384137,0.5157503932487775,0.5571990759470763,0.49087886121349805,0.34470784833776996,0.38060561773409546,0.7861515264840536,0.9072111963111517,best_f1
2,tcn,temperature,0.2,0.36979909913289344,0.3379646644505601,0.2402782383816395,0.6925096900000679,0.20791115521993211,0.1552134268819705,0.36349310790916606,0.3205841997144144,0.5250351663137897,0.5914457756451533,0.4920604240842152,0.3059373559243365,0.32483878113986575,0.6500124819091815,0.7350117819881812,best_f1
3,ensemble,isotonic,0.0,0.3504360214371341,0.5719611749094907,0.2665862016641176,0.07508535403845366,0.16734663362952837,0.11018388463939469,0.03645465587393066,0.05091842445821881,0.41202592697157914,0.425,0.4242338961851157,0.012473234273070994,0.07153061224489796,0.027556930604022017,0.12274179196173043,best_f1
3,ensemble,platt,0.0,0.34527568032032824,0.599356068677486,0.25664101389673355,0.01438423645320197,0.2191780821917808,0.1198501872659176,0.0078010726474890294,0.012223071046600458,0.47058823529411764,0.0,0.48484848484848486,0.0,0.019704433497536946,0.0015741833923652107,0.02722967640094712,best_f1
3,ensemble,raw,0.02,0.38317613265908385,0.4412588522760272,0.2997293637143847,0.4339042313145952,0.20678324052723832,0.17682505643864005,0.23219901404053062,0.26923657094851633,0.5021462043914188,0.5892574461093416,0.4612481805713318,0.226699351473848,0.28188663797794006,0.34086324292175607,0.5270326105414971,best_f1
3,ensemble,temperature,0.04,0.3790880632938471,0.4640864864967251,0.29844055619991056,0.37038623107596397,0.20391623065042502,0.17349553848797666,0.19828336977117983,0.24030084309098296,0.508424938577226,0.6329398851739276,0.45433384741059984,0.2004782860033003,0.25054215237582506,0.294259793268994,0.44657429045052727,best_f1
3,stacked,meta,0.0,0.3480270252126866,0.5970142919047502,0.26257830260799075,0.020949937037950946,0.3659926470588235,0.2904091852735264,0.011699713106982803,0.021184872469537343,0.5377331002331003,0.3,0.7321428571428572,0.009972170686456403,0.029078512902042313,0.02295408260762957,0.018954998193467857,best_f1
3,tcn,isotonic,0.08,0.35741276387577114,0.5589473353492258,0.26996566460848126,0.1292378194634415,0.3047466535271413,0.24214184236485756,0.06714595769852148,0.07667519282045887,0.6075790082607853,0.3822463768115942,0.7324142156862745,0.06795426328647523,0.07899293377552365,0.10424816313583374,0.15419847432100534,best_f1
3,tcn,platt,0.0,0.34993578291618127,0.5828333855090347,0.25904660700377174,0.06591892955529319,0.2626865671641791,0.13869188337273444,0.04068423485899214,0.040949278734295026,0.6285714285714286,0.85,0.5916666666666667,0.028239202657807307,0.04589528118939884,0.029122392758756395,0.10271546635183,best_f1
3,tcn,raw,0.18,0.3611869458349696,0.34533027417720874,0.2281537430966187,0.6589666946271928,0.202715795735486,0.12734577337320135,0.3329925010323003,0.28704032336576024,0.5032086938441566,0.5343904795091632,0.49136185086280765,0.27892897277388345,0.2708037853888448,0.6323578031450137,0.6855231138294623,best_f1
3,tcn,temperature,0.2,0.36114495960732723,0.3827111074035901,0.23324115896709022,0.5738202652952754,0.21005737073534483,0.13030529057652132,0.29218140772554396,0.2500823714511705,0.5129504601357112,0.5304820132879834,0.4346896344485807,0.24380849158338042,0.23716751500711872,0.5647681100963243,0.5828193049254284,best_f1
4,ensemble,isotonic,0.0,0.35400194834105125,0.5637368526451904,0.27862678274488567,0.08528247092510415,0.2646693468275306,0.16791177607344082,0.050893538575053285,0.07282170516644551,0.5353586049441033,0.26136363636363635,0.5858618563058896,0.014903639903639906,0.10147138327984954,0.022825659189295553,0.1478503916977046,best_f1
4,ensemble,platt,0.0,0.3358738550875616,0.5881638363198229,0.24945183588183967,0.004137931034482759,0.23809523809523808,0.12820512820512822,0.0022820629849383844,0.004035512510088781,0.45454545454545453,,0.45454545454545453,0.0,0.006934812760055478,0.0,0.008287292817679558,best_f1
4,ensemble,raw,0.02,0.391770505986666,0.4105315089850237,0.31199471558652964,0.513800080790223,0.2223745841035818,0.18730787314525918,0.28068341814118397,0.31686151118946226,0.5150486077650717,0.49828813047417697,0.506030126467712,0.2350663663933541,0.3548578067003954,0.3823655192540717,0.6453982573824011,best_f1
4,ensemble,temperature,0.04,0.39179599628410017,0.4452379767079711,0.3190331512878047,0.43043772542894937,0.2278046021231208,0.1876250042470607,0.24112790986129082,0.2858825494890373,0.5216574396870306,0.5267763846842215,0.5004619889635482,0.22337978651339263,0.31089199880463436,0.3181322019255043,0.5428900093091069,best_f1
4,stacked,meta,0.0,0.35633392909962947,0.5483430342797464,0.27835375782315086,0.1282760612923526,0.21512072350153755,0.13748438569401103,0.08149672566241703,0.09743839417033842,0.520522350278448,0.6269240019240019,0.5276108623429149,0.0899214921338606,0.10047753697882178,0.09680850984519662,0.1597474009349042,best_f1
4,tcn,isotonic,0.0,0.35597565002558745,0.5266837400630933,0.2778901614354442,0.17073044713086213,0.2031563142803993,0.1219530856778757,0.08203801434199519,0.10698464261632833,0.4744960663923403,0.5741414141414142,0.5224098394830102,0.08835377086687513,0.11703091560722453,0.1130433428400005,0.22846967869077042,best_f1
4,tcn,platt,0.16,0.3452797459036761,0.573210451147002,0.25850524576488393,0.06296733569460843,0.30625,0.15629984051036683,0.04516129032258064,0.04347826086956522,0.6950354609929078,0.9375,0.664,0.02613240418118467,0.0494047619047619,0.023219205037386857,0.10271546635183,best_f1
4,tcn,raw,0.2,0.3495301657225364,0.2846677855297758,0.19010687693105438,0.798101503691022,0.20352424121141807,0.12663747052314642,0.38980741996156804,0.30625961022954007,0.485472383848847,0.5233615514415334,0.4694012913331593,0.28893030056824925,0.31322649680324177,0.714387134890937,0.8819138248455928,best_f1
4,tcn,temperature,0.2,0.3504503317756926,0.31334663877748187,0.19880310868292828,0.727952163957643,0.20742336618356186,0.12781127698144365,0.3602922802846607,0.2835826769375783,0.4935092779340805,0.5894969834352904,0.471262387370524,0.2697020872532041,0.28864400034064214,0.662239425273917,0.7937546391920762,best_f1
5,ensemble,isotonic,0.0,0.34844006202995054,0.5617473825966536,0.27456061382622676,0.06958431730399194,0.3172626382259229,0.1889907064518769,0.041424833199026026,0.06314735435186009,0.5388467918693328,0.39999999999999997,0.5515834575260805,0.013963480128893662,0.08977256310761837,0.01090049957721235,0.1284198052449346,best_f1
5,ensemble,platt,0.0,0.33431803289981976,0.5781923595842003,0.2503120822712604,0.014581280788177341,0.20270270270270271,0.11235955056179775,0.006738544474393531,0.010302197802197802,0.39473684210526316,,0.39473684210526316,0.0,0.015991471215351813,0.0,0.02920284135753749,best_f1
5,ensemble,raw,0.06,0.3852925087899791,0.4033466509717986,0.30010421478700894,0.5195608124322801,0.22289960390650254,0.18422031442452805,0.2778142888057001,0.3031530995218743,0.5188871853018521,0.5709942237072222,0.4959890830594428,0.24061052039917558,0.33324136242114133,0.38769908501072486,0.6516277466825293,best_f1
5,ensemble,temperature,0.04,0.3846649179503748,0.43111121393831126,0.3062256936119682,0.4486507746513146,0.22406042870627338,0.18042527438367434,0.24443467352215156,0.279918345850111,0.5219268302788189,0.5750811918356556,0.49570700699744136,0.22712332978995478,0.301573634474749,0.33817156765708273,0.5592842662089691,best_f1
5,stacked,meta,0.0,0.34745462060307686,0.5539158911882606,0.2762902914178794,0.07686073780310419,0.24864704530153717,0.19502648658968494,0.04361600906449216,0.07182500436352587,0.6669158804721114,0.6484920634920635,0.7980952380952381,0.07027081718757731,0.07223212666524292,0.07550678108054364,0.0782451223637789,best_f1
5,tcn,isotonic,0.0,0.34837891285906114,0.5645986748265522,0.26968966035854613,0.07331789392510905,0.3154916512059369,0.2621161374373004,0.04861625653272662,0.05955546126598914,0.47950274126744713,0.330188679245283,0.4793151395173454,0.04065040650406504,0.07065750786774481,0.053968780199569466,0.09271246156716108,best_f1
5,tcn,platt,0.0,0.3326106679048965,0.5796443608866088,0.24830640318720848,0.007151811376847959,0.16666666666666666,0.08333333333333333,0.003355704697986577,0.005847953216374269,0.3888888888888889,0.35714285714285715,0.5,0.009276437847866418,0.00303951367781155,0.011639466208286474,0.002655352437687184,best_f1
5,tcn,raw,0.2,0.3523955137576877,0.29351751303165646,0.20707217387572757,0.7607981949736703,0.19845582074587265,0.13258074848865967,0.37025487397294693,0.3077324906321558,0.4811413736101956,0.5132279781700471,0.4650813002909131,0.29436712431221806,0.2863581761651674,0.7388044271914123,0.7827578159620524,best_f1
5,tcn,temperature,0.2,0.3517631064670138,0.3201244503831166,0.21208147559588428,0.694403680377067,0.19762322362477772,0.13013166907800186,0.34096663380868364,0.28089250656487946,0.4864256389184481,0.5248917117641038,0.434670151755138,0.2740440987496268,0.2462624191660494,0.67318335434018,0.7155967873465716,best_f1
1,ensemble,isotonic,0.2,0.40217747500336326,0.6621997533802242,0.3095761882499483,0.067335491756471,0.29250597800095646,0.21509833533053344,0.0558734735091435,0.0843760015767717,0.6687943262411348,0.7637962037962038,0.6487005649717514,0.06882748853427716,0.08667898287765877,0.035087911252396124,0.09960546141298576,best_acc
1,ensemble,platt,0.0,0.38170767859450055,0.6836311890557123,0.27063800743053906,0.0,,,0.0,0.0,,,,0.0,0.0,0.0,0.0,best_acc
1,ensemble,raw,0.2,0.4117255432382917,0.5788972867912918,0.33156023816063546,0.23771266628760346,0.26126262676880435,0.23856151132473613,0.15515932411369096,0.21153319692645858,0.6920994675402747,0.7429989717405949,0.705988455988456,0.18349105653969394,0.21932863747644826,0.1858503128488229,0.28962929583973773,best_acc
1,ensemble,temperature,0.2,0.41752142414902155,0.6170183239128043,0.3444984829792243,0.16457350696105036,0.24871355561851138,0.22831964391534665,0.12331687465918781,0.18526945587745083,0.6891135554145381,0.7358796296296296,0.657671028078178,0.14976344068251787,0.20276715683500232,0.11663298975966982,0.21255078309906686,best_acc
1,stacked,meta,0.2,0.3820995781108862,0.6768957643523853,0.27281865941576183,0.011069043018136427,0.049019607843137254,0.04691358024691358,0.003026634382566586,0.0060083594566353185,0.20833333333333334,0.125,0.75,0.004576659038901602,0.007263922518159807,0.0189712633083216,0.00315488964409105,best_acc
1,tcn,isotonic,0.2,0.3863061371210084,0.6755523713217222,0.2795725773921288,0.021280788177339898,0.11855670103092783,0.0638888888888889,0.01416256157635468,0.021759697256385997,0.27380952380952384,0.3125,0.5294117647058824,0.01098901098901099,0.029900332225913623,0.01338055883510429,0.02920284135753749,best_acc
1,tcn,platt,0.08,0.3813976091159956,0.6820548343759094,0.270355444571715,0.002167487684729064,0.0,0.0,0.0,0.0,0.0,0.0,,0.0,0.0,0.004329004329004329,0.0,best_acc
1,tcn,raw,0.2,0.36733266738350984,0.31773208891348803,0.22910213177535238,0.7429948955398683,0.17509661569505855,0.12287703547448905,0.40423455025248867,0.3402160601570002,0.5272814940975341,0.5104285400275553,0.5312000271314686,0.31263280779972613,0.3502571420232637,0.6657882953392508,0.8202967714733721,best_acc
1,tcn,temperature,0.2,0.3780226278831079,0.38884248956753825,0.2532412925270505,0.6059455752263619,0.17917931358831377,0.11912743998282795,0.3281518432915706,0.2891987240451269,0.5286249986854207,0.4902624042258211,0.5415997302542239,0.2554476253951488,0.3008431953933551,0.516931645152604,0.6950953750940939,best_acc
2,ensemble,isotonic,0.02,0.35185695574908393,0.6148010839895469,0.2599660891193953,0.009750432527535057,0.19567099567099566,0.1542929292929293,0.00508955020758646,0.009956835807175943,0.4888888888888889,0.8333333333333334,0.19999999999999998,0.0139827322766443,0.006036217303822937,0.01192124463780936,0.007570276324013351,best_acc
2,ensemble,platt,0.0,0.3494179817706861,0.6187689927576056,0.25477596166910976,0.0,,,0.0,0.0,,,,0.0,0.0,0.0,0.0,best_acc
2,ensemble,raw,0.2,0.3697711910743403,0.5258321503744041,0.27886798225536896,0.2394556901121552,0.1601360258927316,0.11634629458534619,0.1272848477852532,0.1450696318383234,0.4201294031808197,0.4029351600780172,0.5310582617542021,0.09809241175199568,0.17502586928191485,0.18278421472595857,0.2961868000455362,best_acc
2,ensemble,temperature,0.2,0.3720315563382414,0.5591274697385608,0.2916300534324189,0.1586427353492479,0.18696883031023465,0.13874938372698206,0.09026352499621472,0.11656618474794576,0.664625850340136,0.6601241351241351,0.5991044301583971,0.08038432250458818,0.13721209723273842,0.10244647303177093,0.21489784939394058,best_acc
2,stacked,meta,0.16,0.3519177462622941,0.6165634164712744,0.25992018578892256,0.006621526791076568,0.20075757575757577,0.1270827937494604,0.004584417349435018,0.008915104503339797,0.6527777777777778,0.5357142857142857,0.75,0.012121212121212121,0.008179867691757553,0.009607225554069409,0.003634742384364855,best_acc
2,tcn,isotonic,0.2,0.3673881233721554,0.5728459608864664,0.2819247907205879,0.1273991136466681,0.19704684671282485,0.127933986645529,0.06683419472636547,0.08363618389342396,0.5243671175827049,0.511197084384637,0.3298872180451128,0.07239920150136868,0.07985560601581886,0.07384904754011291,0.18096372472963687,best_acc
2,tcn,platt,0.08,0.3570852162926355,0.6018465212896796,0.2646957205438376,0.052341597796143245,0.2556390977443609,0.13572854291417166,0.03432609793033821,0.036936447582835416,0.6071428571428571,0.7142857142857143,0.6,0.01152073732718894,0.04477611940298508,0.007870916961826053,0.09681227863046045,best_acc
2,tcn,raw,0.2,0.3576461114640498,0.26832032493990227,0.20465240985178404,0.8422850877368763,0.19767041074863295,0.1476844446454253,0.4329809763063782,0.36634483925826844,0.515312801543981,0.5575235359974641,0.4902267082059278,0.34243227074850774,0.37808230706485524,0.7821262841655707,0.9024703561230913,best_acc
2,tcn,temperature,0.2,0.36979909913289344,0.3379646644505601,0.2402782383816395,0.6925096900000679,0.20791115521993211,0.1552134268819705,0.36349310790916606,0.3205841997144144,0.5250351663137897,0.5914457756451533,0.4920604240842152,0.3059373559243365,0.32483878113986575,0.6500124819091815,0.7350117819881812,best_acc
3,ensemble,isotonic,0.2,0.34511657718927324,0.5962009030865578,0.25732659053957346,0.018527898694103682,0.12980769230769232,0.09060921717171716,0.007428895168912372,0.013253418514338743,0.4698275862068966,0.5,0.36999999999999994,0.006272982911529309,0.017807527153321547,0.011019283746556474,0.026053429590259452,best_acc
3,ensemble,platt,0.16,0.3422937229905648,0.6038880883819194,0.2515506525920294,0.0005911330049261084,0.3333333333333333,0.16666666666666666,0.00048756704046806434,0.0009216589861751152,0.5,,0.5,0.0,0.001680672268907563,0.0,0.0011838989739542225,best_acc
3,ensemble,raw,0.2,0.3674959751003848,0.5151624883450571,0.28234527265570836,0.24246435350039297,0.24333958099271166,0.2103963731933625,0.1336598224757319,0.1600780175895506,0.6551343016968016,0.6912998074897388,0.6239411587132815,0.13693584492078995,0.16137876221203398,0.20217368927984788,0.2827834281651275,best_acc
3,ensemble,temperature,0.2,0.3608342718123298,0.5545284793802089,0.27279535761862245,0.14952368506398647,0.2715948571730292,0.21402188932718827,0.0862460673684031,0.09198193855808905,0.7265384615384616,0.8047138047138047,0.5946519524617997,0.07652905922678219,0.09443912073357226,0.10941702840201915,0.18967236452108077,best_acc
3,stacked,meta,0.16,0.34123481292148866,0.5981642137233809,0.2507813144229151,0.00828300831485101,0.1328125,0.10185185185185185,0.0009498878911384296,0.001766967523791345,0.20833333333333334,0.0,0.5,0.0,0.0030812324929971988,0.01459277025830816,0.0019699035269100562,best_acc
3,tcn,isotonic,0.18,0.3550493297026319,0.559888907958398,0.2671567192274393,0.1211553941414849,0.3145671990512107,0.24768749880310362,0.05937200092868761,0.06871166180880647,0.6014491888125809,0.3717691622103387,0.7253119429590018,0.058379873261905926,0.07237009233125362,0.09263837892123047,0.14965052764074932,best_acc
3,tcn,platt,0.0,0.34993578291618127,0.5828333855090347,0.25904660700377174,0.06591892955529319,0.2626865671641791,0.13869188337273444,0.04068423485899214,0.040949278734295026,0.6285714285714286,0.85,0.5916666666666667,0.028239202657807307,0.04589528118939884,0.029122392758756395,0.10271546635183,best_acc
3,tcn,raw,0.2,0.36088987887185414,0.34556757840122393,0.22784542424782067,0.6576233890611813,0.2019931554484333,0.12701983722833213,0.3318051398326257,0.2858863016882976,0.5020324144070077,0.5186641889929567,0.49220066877479624,0.2755634533788537,0.27108914297757314,0.6310150404008618,0.6841792639420835,best_acc
3,tcn,temperature,0.2,0.36114495960732723,0.3827111074035901,0.23324115896709022,0.5738202652952754,0.21005737073534483,0.13030529057652132,0.29218140772554396,0.2500823714511705,0.5129504601357112,0.5304820132879834,0.4346896344485807,0.24380849158338042,0.23716751500711872,0.5647681100963243,0.5828193049254284,best_acc
4,ensemble,isotonic,0.2,0.3437661417442828,0.5818584176006111,0.2634682668093569,0.028177339901477836,0.37693798449612403,0.30848728987467217,0.01920020946921374,0.03196739616141631,0.5846908939014203,0.3611111111111111,0.7206349206349206,0.00962891462891463,0.047080125098304594,0.010625737898465172,0.0457774269928966,best_acc
4,ensemble,platt,0.06,0.33450336929756064,0.5891490579946997,0.24710936524920166,0.0,,,0.0,0.0,,,,0.0,0.0,0.0,0.0,best_acc
4,ensemble,raw,0.2,0.37265778249245723,0.4940765551277776,0.29710594918533395,0.2809239038360631,0.23741549625689876,0.19155642099813514,0.15829202275037463,0.1933974225138017,0.5663550300756908,0.5516456987131474,0.5260717092518032,0.16873832676623968,0.1943858030832837,0.2349365264689027,0.3269617430072854,best_acc
4,ensemble,temperature,0.2,0.35915473878369053,0.5402860182832574,0.27993639143516286,0.15532887448161223,0.2546896519978326,0.19978469150212386,0.09564304579864909,0.10942893462090504,0.5983208020050125,0.39307403123192597,0.7371851934275435,0.06765655739647776,0.13211805855253136,0.11091214347530232,0.19979270755729475,best_acc
4,stacked,meta,0.2,0.3496518252924397,0.5610943796029007,0.266928146461267,0.09221407433386311,0.18909612486960553,0.12588485067603442,0.06149338593641217,0.06758633718135766,0.6102941176470589,0.6573056573056574,0.6453193350831147,0.06432151808091657,0.06632253168554396,0.06707799398829299,0.11734093420536233,best_acc
4,tcn,isotonic,0.16,0.35477409839118,0.5393172548881405,0.27454676951994333,0.1461424431397322,0.2033440560312317,0.11322975093301701,0.07088551221777567,0.08910812824784166,0.5077126054912743,0.8083333333333333,0.5128314007294899,0.06380759997181984,0.1032818480715452,0.08718437345943643,0.20514333898256992,best_acc
4,tcn,platt,0.16,0.3452797459036761,0.573210451147002,0.25850524576488393,0.06296733569460843,0.30625,0.15629984051036683,0.04516129032258064,0.04347826086956522,0.6950354609929078,0.9375,0.664,0.02613240418118467,0.0494047619047619,0.023219205037386857,0.10271546635183,best_acc
4,tcn,raw,0.2,0.3495301657225364,0.2846677855297758,0.19010687693105438,0.798101503691022,0.20352424121141807,0.12663747052314642,0.38980741996156804,0.30625961022954007,0.485472383848847,0.5233615514415334,0.4694012913331593,0.28893030056824925,0.31322649680324177,0.714387134890937,0.8819138248455928,best_acc
4,tcn,temperature,0.2,0.3504503317756926,0.31334663877748187,0.19880310868292828,0.727952163957643,0.20742336618356186,0.12781127698144365,0.3602922802846607,0.2835826769375783,0.4935092779340805,0.5894969834352904,0.471262387370524,0.2697020872532041,0.28864400034064214,0.662239425273917,0.7937546391920762,best_acc
5,ensemble,isotonic,0.2,0.3469977738968111,0.5707736183478032,0.27233592202143053,0.048769788745588016,0.4006961506961507,0.2302652263251342,0.03250205496112738,0.05250954108464354,0.6507496012759171,0.3333333333333333,0.680959595959596,0.008373205741626795,0.07885937809402603,0.0057844035520254146,0.09186817784263017,best_acc
5,ensemble,platt,0.14,0.3311047959935391,0.582330290618683,0.24533317719767703,0.00019704433497536944,0.0,0.0,0.0,0.0,0.0,,0.0,0.0,0.0,0.0,0.0003946329913180742,best_acc
5,ensemble,raw,0.2,0.3711491302258808,0.46721051325073965,0.2920040462668229,0.3373165320942789,0.22986833161212966,0.1788919453290732,0.1811923151915948,0.2123075253809886,0.5352276154465094,0.5028325431182574,0.5630955227395406,0.1775023330928609,0.21850078831965752,0.2684770746833828,0.4062532084325438,best_acc
5,ensemble,temperature,0.2,0.3469986056983406,0.5455485649930542,0.25991668502576504,0.12406252845406456,0.29581194511702985,0.17007377598926893,0.07543940230365632,0.0704505744556012,0.5587046360394379,0.429040404040404,0.535625,0.06228480712533246,0.0770377730299687,0.10745567662210025,0.14069743569296173,best_acc
5,stacked,meta,0.2,0.3372195031009578,0.5692815149741061,0.25800215920967745,0.03153016713722171,0.1676788733699303,0.12229193899782134,0.01691421948951589,0.029196730867126614,0.6022727272727273,0.5833333333333333,0.8541666666666666,0.04088972672855203,0.02438844389373684,0.04546401799285519,0.01759547782582531,best_acc
5,tcn,isotonic,0.18,0.33215604936095683,0.5788192259570127,0.24770428356408072,0.0077332277625969505,0.4206060606060606,0.41257990533352856,0.002605846365554614,0.004806900619462933,0.5407407407407407,0.0,0.5499999999999999,0.0,0.008047015129097352,0.0007870916961826053,0.014690797576741134,best_acc
5,tcn,platt,0.1,0.33104316975881637,0.5820929863946679,0.24527763377835776,0.00047460844803037496,0.0,0.0,0.0,0.0,0.0,0.0,,0.0,0.0,0.0009492168960607499,0.0,best_acc
5,tcn,raw,0.2,0.3523955137576877,0.29351751303165646,0.20707217387572757,0.7607981949736703,0.19845582074587265,0.13258074848865967,0.37025487397294693,0.3077324906321558,0.4811413736101956,0.5132279781700471,0.4650813002909131,0.29436712431221806,0.2863581761651674,0.7388044271914123,0.7827578159620524,best_acc
5,tcn,temperature,0.2,0.3517631064670138,0.3201244503831166,0.21208147559588428,0.694403680377067,0.19762322362477772,0.13013166907800186,0.34096663380868364,0.28089250656487946,0.4864256389184481,0.5248917117641038,0.434670151755138,0.2740440987496268,0.2462624191660494,0.67318335434018,0.7155967873465716,best_acc
