horizon,company,model,calibration,acc_test,f1_macro_test,operable_share,operable_accuracy,operable_f1,dir_acc,dir_f1,dir_acc_operable,high_vol_dir_acc_operable,low_vol_dir_acc_operable,high_vol_dir_f1,low_vol_dir_f1,high_vol_coverage,low_vol_coverage
1,Alphabet Inc.,tcn,raw,0.32271468144044324,0.2294932593653066,0.7105263157894737,0.16764132553606237,0.09587513935340021,0.3788546255506608,0.2986111111111111,0.5212121212121212,0.46774193548387094,0.5533980582524272,0.2396694214876033,0.3413173652694611,0.5678670360110804,0.853185595567867
1,Alphabet Inc.,ensemble,raw,0.6523545706371191,0.339276145829964,0.09418282548476455,0.27941176470588236,0.2461187214611872,0.08370044052863436,0.1394110476679284,0.76,0.8,0.7333333333333333,0.12294117647058823,0.15389830508474575,0.08587257617728532,0.10249307479224377
1,Alphabet Inc.,tcn,temperature,0.36426592797783935,0.2523753179596586,0.6426592797783933,0.16810344827586207,0.09594095940959409,0.3436123348017621,0.2815884476534296,0.5064935064935064,0.42857142857142855,0.5510204081632653,0.20869565217391303,0.3333333333333333,0.4792243767313019,0.8060941828254847
1,Alphabet Inc.,ensemble,temperature,0.6454293628808865,0.35772058966317805,0.12326869806094183,0.29213483146067415,0.24962406015037594,0.1145374449339207,0.1827027027027027,0.7647058823529411,0.7692307692307693,0.7619047619047619,0.14676056338028168,0.2137372898941689,0.10526315789473684,0.14127423822714683
1,Alphabet Inc.,tcn,platt,0.685595567867036,0.27115858668857845,0.0,,,0.0,0.0,,,,0.0,0.0,0.0,0.0
1,Alphabet Inc.,ensemble,platt,0.685595567867036,0.27115858668857845,0.0,,,0.0,0.0,,,,0.0,0.0,0.0,0.0
1,Alphabet Inc.,tcn,isotonic,0.685595567867036,0.27115858668857845,0.0,,,0.0,0.0,,,,0.0,0.0,0.0,0.0
1,Alphabet Inc.,ensemble,isotonic,0.682825484764543,0.29043991659957474,0.01662049861495845,0.3333333333333333,0.16666666666666666,0.01762114537444934,0.03125,0.6666666666666666,1.0,0.3333333333333333,0.04838709677419355,0.015151515151515152,0.019390581717451522,0.013850415512465374
1,Alphabet Inc.,stacked,meta,0.685595567867036,0.27115858668857845,0.0,,,0.0,0.0,,,,0.0,0.0,0.0,0.0
1,"Amazon.com, Inc.",tcn,raw,0.2896551724137931,0.20927331307777622,0.8234482758620689,0.19430485762144054,0.10984848484848485,0.4915254237288136,0.3493975903614458,0.5742574257425742,0.6063829787234043,0.5462962962962963,0.35403726708074534,0.34502923976608185,0.7575757575757576,0.8895027624309392
1,"Amazon.com, Inc.",ensemble,raw,0.6413793103448275,0.3790432241881149,0.12413793103448276,0.3333333333333333,0.3253968253968254,0.1271186440677966,0.21662245800176833,0.8333333333333334,0.8333333333333334,0.8333333333333334,0.26993355481727577,0.15476190476190477,0.15151515151515152,0.09668508287292818
1,"Amazon.com, Inc.",tcn,temperature,0.4013793103448276,0.2786036036036036,0.6027586206896551,0.19908466819221968,0.11218568665377177,0.3686440677966102,0.30851063829787234,0.5723684210526315,0.5882352941176471,0.5595238095238095,0.2962962962962963,0.3197278911564626,0.5261707988980716,0.6795580110497238
1,"Amazon.com, Inc.",ensemble,temperature,0.6068965517241379,0.38979682693864337,0.20551724137931035,0.28859060402684567,0.27255077658303467,0.18220338983050846,0.27940611185854314,0.7543859649122807,0.7878787878787878,0.7083333333333334,0.3180291153415453,0.23477564102564102,0.23415977961432508,0.17679558011049723
1,"Amazon.com, Inc.",tcn,platt,0.663448275862069,0.2663344407530454,0.013793103448275862,0.0,0.0,0.0,0.0,0.0,0.0,,0.0,0.0,0.027548209366391185,0.0
1,"Amazon.com, Inc.",ensemble,platt,0.6744827586206896,0.2685337726523888,0.0,,,0.0,0.0,,,,0.0,0.0,0.0,0.0
1,"Amazon.com, Inc.",tcn,isotonic,0.6620689655172414,0.2660016625103907,0.015172413793103448,0.0,0.0,0.0,0.0,0.0,0.0,,0.0,0.0,0.030303030303030304,0.0
1,"Amazon.com, Inc.",ensemble,isotonic,0.663448275862069,0.3463720546564643,0.06344827586206897,0.3695652173913043,0.3372093023255814,0.07203389830508475,0.13638580660895014,0.8095238095238095,0.8571428571428571,0.7142857142857143,0.18609022556390975,0.08064516129032258,0.0743801652892562,0.052486187845303865
1,"Amazon.com, Inc.",stacked,meta,0.6496551724137931,0.2964439567603456,0.05379310344827586,0.1794871794871795,0.15968992248062017,0.029661016949152543,0.05842321520287622,0.5,0.3333333333333333,0.8,0.04897551224387806,0.06666666666666667,0.08539944903581267,0.022099447513812154
1,Apple Inc.,tcn,raw,0.23724137931034484,0.17890044677814942,0.8482758620689655,0.15121951219512195,0.09342566061763768,0.3974358974358974,0.3092151018380527,0.458128078817734,0.4090909090909091,0.4956521739130435,0.27667140825035563,0.3313953488372093,0.696969696969697,1.0
1,Apple Inc.,ensemble,raw,0.5944827586206897,0.3573550738344746,0.20413793103448277,0.22972972972972974,0.1998873873873874,0.1452991452991453,0.21666666666666667,0.6296296296296297,0.7727272727272727,0.53125,0.19432120674356698,0.22831727205337288,0.17079889807162535,0.23756906077348067
1,Apple Inc.,tcn,temperature,0.2979310344827586,0.22224691304166053,0.7531034482758621,0.1575091575091575,0.09687103808509558,0.36752136752136755,0.30374300496251716,0.4648648648648649,0.4027777777777778,0.504424778761062,0.25282975282975284,0.3352941176470588,0.5234159779614325,0.9834254143646409
1,Apple Inc.,ensemble,temperature,0.5875862068965517,0.3663071490233997,0.22758620689655173,0.23636363636363636,0.20855916892502258,0.16666666666666666,0.24476452193688997,0.639344262295082,0.7692307692307693,0.5428571428571428,0.22947368421052633,0.25,0.19559228650137742,0.2596685082872928
1,Apple Inc.,tcn,platt,0.6772413793103448,0.26918859649122806,0.0,,,0.0,0.0,,,,0.0,0.0,0.0,0.0
1,Apple Inc.,ensemble,platt,0.6772413793103448,0.26918859649122806,0.0,,,0.0,0.0,,,,0.0,0.0,0.0,0.0
1,Apple Inc.,tcn,isotonic,0.6772413793103448,0.26918859649122806,0.0,,,0.0,0.0,,,,0.0,0.0,0.0,0.0
1,Apple Inc.,ensemble,isotonic,0.6772413793103448,0.26918859649122806,0.0,,,0.0,0.0,,,,0.0,0.0,0.0,0.0
1,Apple Inc.,stacked,meta,0.6772413793103448,0.26918859649122806,0.0,,,0.0,0.0,,,,0.0,0.0,0.0,0.0
1,"Meta Platforms, Inc.",tcn,raw,0.5448504983388704,0.358063091129424,0.3588039867109635,0.1712962962962963,0.16480140443274086,0.22699386503067484,0.3034632706942072,0.5441176470588235,0.34782608695652173,0.6444444444444445,0.1590909090909091,0.4082926829268293,0.26578073089701,0.45182724252491696
1,"Meta Platforms, Inc.",ensemble,raw,0.7109634551495017,0.3435896061539261,0.05813953488372093,0.2857142857142857,0.26164874551971323,0.06134969325153374,0.11274259448416751,0.7142857142857143,0.7142857142857143,0.7142857142857143,0.11655011655011654,0.10748299319727891,0.07308970099667775,0.04318936877076412
1,"Meta Platforms, Inc.",tcn,temperature,0.6362126245847176,0.33379864026681455,0.17940199335548174,0.17592592592592593,0.13011494252873565,0.1165644171779141,0.16886741814278047,0.5757575757575758,0.3333333333333333,0.6666666666666666,0.06984478935698449,0.22535211267605634,0.13953488372093023,0.21926910299003322
1,"Meta Platforms, Inc.",ensemble,temperature,0.6760797342192691,0.37146596150506417,0.13122923588039867,0.24050632911392406,0.22857142857142856,0.1165644171779141,0.19653052261747916,0.6785714285714286,0.7272727272727273,0.6470588235294118,0.1792152704135737,0.2105068442471328,0.12624584717607973,0.1362126245847176
1,"Meta Platforms, Inc.",tcn,platt,0.729235880398671,0.2811399295549151,0.0,,,0.0,0.0,,,,0.0,0.0,0.0,0.0
1,"Meta Platforms, Inc.",ensemble,platt,0.729235880398671,0.2811399295549151,0.0,,,0.0,0.0,,,,0.0,0.0,0.0,0.0
1,"Meta Platforms, Inc.",tcn,isotonic,0.729235880398671,0.2811399295549151,0.0,,,0.0,0.0,,,,0.0,0.0,0.0,0.0
1,"Meta Platforms, Inc.",ensemble,isotonic,0.7026578073089701,0.322526303624697,0.054817275747508304,0.21212121212121213,0.22857142857142856,0.04294478527607362,0.08058902275769746,0.7,0.5714285714285714,1.0,0.09639953542392567,0.06520657043305127,0.08970099667774087,0.019933554817275746
1,"Meta Platforms, Inc.",stacked,meta,0.7275747508305648,0.28076923076923077,0.0016611295681063123,0.0,0.0,0.0,0.0,,,,0.0,0.0,0.0033222591362126247,0.0
1,Microsoft Corporation,tcn,raw,0.3820689655172414,0.34265470072463233,0.6620689655172414,0.19791666666666666,0.19576729643511737,0.40948275862068967,0.4737615135673388,0.5621301775147929,0.5697674418604651,0.5542168674698795,0.44045954045954044,0.44603033006244425,0.6556473829201102,0.6685082872928176
1,Microsoft Corporation,ensemble,raw,0.5006896551724138,0.3517309276977785,0.3889655172413793,0.19148936170212766,0.1828358208955224,0.23275862068965517,0.31093099178205563,0.5510204081632653,0.5675675675675675,0.5409836065573771,0.2632931726907631,0.34562607204116635,0.2809917355371901,0.4972375690607735
1,Microsoft Corporation,tcn,temperature,0.44689655172413795,0.35561543215278296,0.5117241379310344,0.1940700808625337,0.19026870007262164,0.3103448275862069,0.39436964504283967,0.5538461538461539,0.5714285714285714,0.5373134328358209,0.3762183235867447,0.3363486842105263,0.49586776859504134,0.5276243093922652
1,Microsoft Corporation,ensemble,temperature,0.49379310344827587,0.36010357960612344,0.41793103448275865,0.19801980198019803,0.19089976689976687,0.25862068965517243,0.33744331065759636,0.5555555555555556,0.575,0.5441176470588235,0.2846320346320346,0.3723347547974414,0.29476584022038566,0.5414364640883977
1,Microsoft Corporation,tcn,platt,0.68,0.2698412698412698,0.0,,,0.0,0.0,,,,0.0,0.0,0.0,0.0
1,Microsoft Corporation,ensemble,platt,0.68,0.2698412698412698,0.0,,,0.0,0.0,,,,0.0,0.0,0.0,0.0
1,Microsoft Corporation,tcn,isotonic,0.6262068965517241,0.3298122164283335,0.14482758620689656,0.21904761904761905,0.11979166666666667,0.09913793103448276,0.1513157894736842,0.5348837209302325,0.625,0.5142857142857142,0.07692307692307693,0.20689655172413793,0.06887052341597796,0.22099447513812154
1,Microsoft Corporation,ensemble,isotonic,0.6275862068965518,0.3433884553449771,0.15724137931034482,0.22807017543859648,0.16254144498419307,0.11206896551724138,0.16886624203821654,0.52,0.5625,0.5,0.1264957264957265,0.20490196078431372,0.09641873278236915,0.21823204419889503
1,Microsoft Corporation,stacked,meta,0.68,0.2698412698412698,0.0,,,0.0,0.0,,,,0.0,0.0,0.0,0.0
1,NVIDIA Corporation,tcn,raw,0.21212121212121213,0.15196773591040214,0.8856749311294766,0.15085536547433903,0.08762420957542909,0.4217391304347826,0.3108974358974359,0.47549019607843135,0.5595238095238095,0.4166666666666667,0.34057971014492755,0.28735632183908044,0.8154269972451791,0.9559228650137741
1,NVIDIA Corporation,ensemble,raw,0.546831955922865,0.3645218718647289,0.325068870523416,0.22033898305084745,0.19057174709348623,0.22608695652173913,0.29602964982533864,0.611764705882353,0.6666666666666666,0.6052631578947368,0.10651629072681704,0.3919836956521739,0.08539944903581267,0.5647382920110193
1,NVIDIA Corporation,tcn,temperature,0.21487603305785125,0.15474407851423147,0.8705234159779615,0.15031645569620253,0.08735632183908047,0.41304347826086957,0.3114754098360656,0.48223350253807107,0.569620253164557,0.423728813559322,0.3383458646616541,0.29069767441860467,0.790633608815427,0.9504132231404959
1,NVIDIA Corporation,ensemble,temperature,0.5316804407713499,0.36307025734270315,0.3484848484848485,0.2134387351778656,0.19133986928104574,0.23478260869565218,0.3088186494109839,0.6067415730337079,0.7,0.5949367088607594,0.1231527093596059,0.40164835164835166,0.10192837465564739,0.5950413223140496
1,NVIDIA Corporation,tcn,platt,0.6831955922865014,0.270594653573377,0.0,,,0.0,0.0,,,,0.0,0.0,0.0,0.0
1,NVIDIA Corporation,ensemble,platt,0.6831955922865014,0.270594653573377,0.0,,,0.0,0.0,,,,0.0,0.0,0.0,0.0
1,NVIDIA Corporation,tcn,isotonic,0.6831955922865014,0.270594653573377,0.0,,,0.0,0.0,,,,0.0,0.0,0.0,0.0
1,NVIDIA Corporation,ensemble,isotonic,0.6005509641873278,0.3427675034480328,0.22589531680440772,0.24390243902439024,0.13071895424836602,0.17391304347826086,0.21505376344086022,0.625,0.8,0.6101694915254238,0.07272727272727272,0.2748091603053435,0.027548209366391185,0.42424242424242425
1,NVIDIA Corporation,stacked,meta,0.6611570247933884,0.2664446294754371,0.028925619834710745,0.0,0.0,0.0,0.0,0.0,0.0,,0.0,0.0,0.05234159779614325,0.005509641873278237
1,"Tesla, Inc.",tcn,raw,0.18794835007173602,0.11123100250361438,1.0,0.18794835007173602,0.11123100250361438,0.5458333333333333,0.36131253204423935,0.5458333333333333,0.5677966101694916,0.5245901639344263,0.3795236622332199,0.34408602150537637,1.0,1.0
1,"Tesla, Inc.",ensemble,raw,0.2654232424677188,0.2655525059602895,0.8249641319942611,0.19304347826086957,0.19243179818128484,0.4625,0.5036656089287668,0.578125,0.5882352941176471,0.5700934579439252,0.46753777051857903,0.5298358643963799,0.7478510028653295,0.9022988505747126
1,"Tesla, Inc.",tcn,temperature,0.18938307030129126,0.11281502789605895,0.9985652797704447,0.1882183908045977,0.11135942382036752,0.5458333333333333,0.36131253204423935,0.5458333333333333,0.5677966101694916,0.5245901639344263,0.3795236622332199,0.34408602150537637,0.997134670487106,1.0
1,"Tesla, Inc.",ensemble,temperature,0.599713055954089,0.3027405077094518,0.10903873744619799,0.2236842105263158,0.12186379928315412,0.07083333333333333,0.11258278145695365,0.85,0.8461538461538461,0.8571428571428571,0.1375,0.08450704225352113,0.12034383954154727,0.09770114942528736
1,"Tesla, Inc.",tcn,platt,0.6556671449067432,0.2640092432120162,0.0,,,0.0,0.0,,,,0.0,0.0,0.0,0.0
1,"Tesla, Inc.",ensemble,platt,0.6556671449067432,0.2640092432120162,0.0,,,0.0,0.0,,,,0.0,0.0,0.0,0.0
1,"Tesla, Inc.",tcn,isotonic,0.6556671449067432,0.2640092432120162,0.0,,,0.0,0.0,,,,0.0,0.0,0.0,0.0
1,"Tesla, Inc.",ensemble,isotonic,0.6585365853658537,0.2744926552492342,0.0028694404591104736,1.0,1.0,0.008333333333333333,0.015037593984962405,1.0,,1.0,0.0,0.030303030303030304,0.0,0.005747126436781609
1,"Tesla, Inc.",stacked,meta,0.6556671449067432,0.2640092432120162,0.0,,,0.0,0.0,,,,0.0,0.0,0.0,0.0
2,Alphabet Inc.,tcn,raw,0.22714681440443213,0.21810956636304943,0.8822714681440443,0.17582417582417584,0.15960195461649554,0.41947565543071164,0.41487793169661225,0.47863247863247865,0.4895833333333333,0.47101449275362317,0.34044965048176834,0.45847443960651507,0.7673130193905817,0.997229916897507
2,Alphabet Inc.,ensemble,raw,0.556786703601108,0.3109099467914967,0.1745152354570637,0.20634920634920634,0.15468975468975468,0.09737827715355805,0.14581939799331103,0.5531914893617021,0.4166666666666667,0.6,0.06097560975609756,0.2144435238884286,0.10249307479224377,0.24653739612188366
2,Alphabet Inc.,tcn,temperature,0.2520775623268698,0.23725992103325977,0.8185595567867036,0.17258883248730963,0.15554134697357203,0.38202247191011235,0.3881134374653816,0.4722222222222222,0.4691358024691358,0.4740740740740741,0.2766439909297052,0.4546507778881165,0.6620498614958449,0.9750692520775623
2,Alphabet Inc.,ensemble,temperature,0.5706371191135734,0.3148841640067838,0.15096952908587258,0.22935779816513763,0.17493796526054592,0.09363295880149813,0.14340277777777777,0.6097560975609756,0.5,0.6451612903225806,0.0625,0.2089855072463768,0.0886426592797784,0.21329639889196675
2,Alphabet Inc.,tcn,platt,0.6301939058171745,0.25771736052109884,0.0,,,0.0,0.0,,,,0.0,0.0,0.0,0.0
2,Alphabet Inc.,ensemble,platt,0.6301939058171745,0.25771736052109884,0.0,,,0.0,0.0,,,,0.0,0.0,0.0,0.0
2,Alphabet Inc.,tcn,isotonic,0.6274238227146814,0.2624013579644979,0.006925207756232687,0.2,0.1111111111111111,0.003745318352059925,0.008130081300813009,0.5,,0.5,0.0,0.015625,0.0,0.013850415512465374
2,Alphabet Inc.,ensemble,isotonic,0.6246537396121884,0.2613235879991419,0.012465373961218837,0.1111111111111111,0.09523809523809523,0.003745318352059925,0.006802721088435374,0.25,1.0,0.0,0.014084507042253521,0.0,0.00554016620498615,0.019390581717451522
2,Alphabet Inc.,stacked,meta,0.6301939058171745,0.25771736052109884,0.0,,,0.0,0.0,,,,0.0,0.0,0.0,0.0
2,"Amazon.com, Inc.",tcn,raw,0.2193103448275862,0.13573502781744504,0.9641379310344828,0.20457796852646637,0.1137629276054097,0.5107142857142857,0.34210526315789475,0.5296296296296297,0.5271317829457365,0.5319148936170213,0.3383084577114428,0.3456221198156682,0.9338842975206612,0.994475138121547
2,"Amazon.com, Inc.",ensemble,raw,0.5572413793103448,0.3142550148264434,0.16137931034482758,0.2222222222222222,0.17047360949799972,0.09285714285714286,0.1406155245603396,0.52,0.52,0.52,0.13402061855670103,0.14594992636229748,0.17355371900826447,0.14917127071823205
2,"Amazon.com, Inc.",tcn,temperature,0.2537931034482759,0.17370762163561074,0.9075862068965517,0.21124620060790272,0.11656184486373165,0.49642857142857144,0.3415233415233415,0.5387596899224806,0.5454545454545454,0.5328467153284672,0.3402061855670103,0.3427230046948357,0.8567493112947658,0.9585635359116023
2,"Amazon.com, Inc.",ensemble,temperature,0.5944827586206897,0.2677341339337837,0.038620689655172416,0.17857142857142858,0.10752688172043011,0.017857142857142856,0.03164556962025317,0.5555555555555556,0.42857142857142855,1.0,0.0375,0.02564102564102564,0.049586776859504134,0.027624309392265192
2,"Amazon.com, Inc.",tcn,platt,0.6137931034482759,0.25356125356125353,0.0,,,0.0,0.0,,,,0.0,0.0,0.0,0.0
2,"Amazon.com, Inc.",ensemble,platt,0.6137931034482759,0.25356125356125353,0.0,,,0.0,0.0,,,,0.0,0.0,0.0,0.0
2,"Amazon.com, Inc.",tcn,isotonic,0.5972413793103448,0.2576437911008157,0.023448275862068966,0.11764705882352941,0.12121212121212122,0.007142857142857143,0.013157894736842105,0.6666666666666666,0.6666666666666666,,0.02631578947368421,0.0,0.03581267217630854,0.011049723756906077
2,"Amazon.com, Inc.",ensemble,isotonic,0.5958620689655172,0.27416422189253403,0.038620689655172416,0.21428571428571427,0.125,0.02142857142857143,0.04285714285714286,0.6666666666666666,0.75,0.6,0.043478260869565216,0.04225352112676056,0.05785123966942149,0.019337016574585635
2,"Amazon.com, Inc.",stacked,meta,0.6110344827586207,0.2528538812785388,0.002758620689655172,0.0,0.0,0.0,0.0,,,,0.0,0.0,0.005509641873278237,0.0
2,Apple Inc.,tcn,raw,0.2579310344827586,0.22920679030928684,0.8524137931034482,0.19741100323624594,0.15952672378620972,0.4357142857142857,0.3901149226648233,0.5126050420168067,0.5663716814159292,0.464,0.35228301110654053,0.4005102040816326,0.8236914600550964,0.8812154696132597
2,Apple Inc.,ensemble,raw,0.5806896551724138,0.2643745253472418,0.06344827586206897,0.10869565217391304,0.06666666666666667,0.017857142857142856,0.031055900621118012,0.29411764705882354,0.0,0.3333333333333333,0.0,0.05952380952380952,0.01652892561983471,0.11049723756906077
2,Apple Inc.,tcn,temperature,0.33793103448275863,0.2696576896330521,0.6096551724137931,0.1832579185520362,0.14610358755048705,0.2892857142857143,0.3063034526449161,0.5031055900621118,0.5681818181818182,0.4246575342465753,0.3067484662576687,0.27437275985663084,0.6391184573002755,0.580110497237569
2,Apple Inc.,ensemble,temperature,0.5889655172413794,0.25929659781924047,0.04,0.10344827586206896,0.06451612903225806,0.010714285714285714,0.0196078431372549,0.375,0.0,0.42857142857142855,0.0,0.03896103896103896,0.011019283746556474,0.06906077348066299
2,Apple Inc.,tcn,platt,0.6137931034482759,0.25356125356125353,0.0,,,0.0,0.0,,,,0.0,0.0,0.0,0.0
2,Apple Inc.,ensemble,platt,0.6137931034482759,0.25356125356125353,0.0,,,0.0,0.0,,,,0.0,0.0,0.0,0.0
2,Apple Inc.,tcn,isotonic,0.576551724137931,0.2850229020827932,0.09379310344827586,0.17647058823529413,0.09999999999999999,0.04285714285714286,0.07317073170731707,0.41379310344827586,0.0,0.42857142857142855,0.0,0.12121212121212122,0.013774104683195593,0.17403314917127072
2,Apple Inc.,ensemble,isotonic,0.6137931034482759,0.25356125356125353,0.0,,,0.0,0.0,,,,0.0,0.0,0.0,0.0
2,Apple Inc.,stacked,meta,0.6137931034482759,0.25356125356125353,0.0,,,0.0,0.0,,,,0.0,0.0,0.0,0.0
2,"Meta Platforms, Inc.",tcn,raw,0.4833887043189369,0.35474909600576404,0.39700996677740863,0.20502092050209206,0.19591604757845169,0.23557692307692307,0.32519422863485015,0.5632183908045977,0.6666666666666666,0.5303030303030303,0.23440285204991085,0.3874762808349146,0.18272425249169436,0.6112956810631229
2,"Meta Platforms, Inc.",ensemble,raw,0.6411960132890365,0.2670129479072568,0.019933554817275746,0.08333333333333333,0.06060606060606061,0.004807692307692308,0.009900990099009901,0.3333333333333333,0.0,0.5,0.0,0.02127659574468085,0.023255813953488372,0.016611295681063124
2,"Meta Platforms, Inc.",tcn,temperature,0.574750830564784,0.3485194835710299,0.20431893687707642,0.21138211382113822,0.2011399154256297,0.125,0.20199878861296183,0.5306122448979592,0.7777777777777778,0.475,0.13301400147383935,0.2536950095635542,0.07973421926910298,0.3289036544850498
2,"Meta Platforms, Inc.",ensemble,temperature,0.6295681063122923,0.28586530189912013,0.04817275747508306,0.1724137931034483,0.17777777777777778,0.02403846153846154,0.04577944179714091,0.5555555555555556,0.5,0.5714285714285714,0.01818181818181818,0.06326530612244897,0.036544850498338874,0.059800664451827246
2,"Meta Platforms, Inc.",tcn,platt,0.654485049833887,0.2637215528781794,0.0,,,0.0,0.0,,,,0.0,0.0,0.0,0.0
2,"Meta Platforms, Inc.",ensemble,platt,0.654485049833887,0.2637215528781794,0.0,,,0.0,0.0,,,,0.0,0.0,0.0,0.0
2,"Meta Platforms, Inc.",tcn,isotonic,0.654485049833887,0.2637215528781794,0.0,,,0.0,0.0,,,,0.0,0.0,0.0,0.0
2,"Meta Platforms, Inc.",ensemble,isotonic,0.654485049833887,0.2637215528781794,0.0,,,0.0,0.0,,,,0.0,0.0,0.0,0.0
2,"Meta Platforms, Inc.",stacked,meta,0.6528239202657807,0.282025819265144,0.013289036544850499,0.375,0.1818181818181818,0.014423076923076924,0.029411764705882353,0.75,0.5,1.0,0.01818181818181818,0.0425531914893617,0.006644518272425249,0.019933554817275746
2,Microsoft Corporation,tcn,raw,0.24689655172413794,0.2386448397205905,0.9062068965517242,0.197869101978691,0.17937370568949515,0.4727272727272727,0.4488192622318259,0.5078125,0.5223880597014925,0.4918032786885246,0.42780546268845016,0.4535825545171339,0.8953168044077136,0.9171270718232044
2,Microsoft Corporation,ensemble,raw,0.4924137931034483,0.3117887130838471,0.29517241379310344,0.19158878504672897,0.14846472483397988,0.14909090909090908,0.2050954997383569,0.5125,0.4782608695652174,0.5263157894736842,0.1297640653357532,0.259573972762193,0.162534435261708,0.4281767955801105
2,Microsoft Corporation,tcn,temperature,0.33241379310344826,0.3046185067445231,0.7393103448275862,0.21082089552238806,0.1873879928315412,0.4109090909090909,0.4182217542840546,0.5280373831775701,0.5229357798165137,0.5333333333333333,0.3672606463304138,0.4513217279174726,0.7300275482093664,0.7486187845303868
2,Microsoft Corporation,ensemble,temperature,0.48137931034482756,0.3130290409104121,0.31448275862068964,0.19298245614035087,0.15449794699514743,0.16,0.2194980694980695,0.5301204819277109,0.5,0.5423728813559322,0.14240931482310792,0.2720714531088973,0.17079889807162535,0.4585635359116022
2,Microsoft Corporation,tcn,platt,0.6206896551724138,0.2553191489361702,0.0,,,0.0,0.0,,,,0.0,0.0,0.0,0.0
2,Microsoft Corporation,ensemble,platt,0.6206896551724138,0.2553191489361702,0.0,,,0.0,0.0,,,,0.0,0.0,0.0,0.0
2,Microsoft Corporation,tcn,isotonic,0.5793103448275863,0.30728804389829195,0.12689655172413794,0.22826086956521738,0.12389380530973453,0.07636363636363637,0.11931818181818182,0.5121951219512195,0.6,0.5,0.04054054054054054,0.17647058823529413,0.03305785123966942,0.22099447513812154
2,Microsoft Corporation,ensemble,isotonic,0.6206896551724138,0.2553191489361702,0.0,,,0.0,0.0,,,,0.0,0.0,0.0,0.0
2,Microsoft Corporation,stacked,meta,0.6206896551724138,0.2553191489361702,0.0,,,0.0,0.0,,,,0.0,0.0,0.0,0.0
2,NVIDIA Corporation,tcn,raw,0.19559228650137742,0.13402597402597402,0.9738292011019284,0.1867043847241867,0.12060495330897279,0.4664310954063604,0.3442144118119082,0.48175182481751827,0.5877192982456141,0.40625,0.425751155624037,0.28761061946902655,0.953168044077135,0.9944903581267218
2,NVIDIA Corporation,ensemble,raw,0.5055096418732782,0.35460450263346993,0.3154269972451791,0.22707423580786026,0.2025062656641604,0.18374558303886926,0.26190476190476186,0.5148514851485149,0.8,0.4835164835164835,0.1161688003793267,0.32021945671082563,0.09917355371900827,0.5316804407713499
2,NVIDIA Corporation,tcn,temperature,0.20385674931129477,0.14314574314574313,0.9655647382920111,0.18830242510699002,0.12137014314928425,0.4664310954063604,0.3442144118119082,0.48175182481751827,0.5877192982456141,0.40625,0.425751155624037,0.28761061946902655,0.9366391184573003,0.9944903581267218
2,NVIDIA Corporation,ensemble,temperature,0.5013774104683195,0.3524978123609763,0.3236914600550964,0.22127659574468084,0.19715099715099715,0.18374558303886926,0.26023391812865493,0.5,0.7272727272727273,0.4731182795698925,0.11508771929824561,0.3180031446540881,0.10192837465564739,0.5454545454545454
2,NVIDIA Corporation,tcn,platt,0.49173553719008267,0.32207589410199416,0.36639118457300274,0.2556390977443609,0.13572854291417166,0.24028268551236748,0.2585551330798479,0.6071428571428571,0.7142857142857143,0.6,0.08064516129032258,0.31343283582089554,0.05509641873278237,0.6776859504132231
2,NVIDIA Corporation,ensemble,platt,0.6101928374655647,0.25263758197889935,0.0,,,0.0,0.0,,,,0.0,0.0,0.0,0.0
2,NVIDIA Corporation,tcn,isotonic,0.4228650137741047,0.2917515790802387,0.5110192837465565,0.1940700808625337,0.10835214446952596,0.254416961130742,0.2440677966101695,0.44171779141104295,0.6666666666666666,0.39097744360902253,0.20833333333333334,0.2613065326633166,0.18181818181818182,0.8402203856749312
2,NVIDIA Corporation,ensemble,isotonic,0.6101928374655647,0.25263758197889935,0.0,,,0.0,0.0,,,,0.0,0.0,0.0,0.0
2,NVIDIA Corporation,stacked,meta,0.5977961432506887,0.2705856226878936,0.03168044077134986,0.21739130434782608,0.19163292847503374,0.0176678445229682,0.03299396681749623,0.5555555555555556,0.5714285714285714,0.5,0.06666666666666667,0.014705882352941176,0.05785123966942149,0.005509641873278237
2,"Tesla, Inc.",tcn,raw,0.2266857962697274,0.12319688109161793,1.0,0.2266857962697274,0.12319688109161793,0.5505226480836237,0.3550561797752809,0.5505226480836237,0.5531914893617021,0.547945205479452,0.3561643835616438,0.35398230088495575,1.0,1.0
2,"Tesla, Inc.",ensemble,raw,0.2381635581061693,0.20405531671956526,0.9440459110473458,0.22340425531914893,0.18049628575944365,0.5121951219512195,0.4493780625706747,0.550561797752809,0.5483870967741935,0.5524475524475524,0.41013513513513516,0.4824199674443841,0.9083094555873925,0.9798850574712644
2,"Tesla, Inc.",tcn,temperature,0.2266857962697274,0.12319688109161793,1.0,0.2266857962697274,0.12319688109161793,0.5505226480836237,0.3550561797752809,0.5505226480836237,0.5531914893617021,0.547945205479452,0.3561643835616438,0.35398230088495575,1.0,1.0
2,"Tesla, Inc.",ensemble,temperature,0.3428981348637016,0.26133412508088766,0.6843615494978479,0.2389937106918239,0.14371690559214775,0.397212543554007,0.33791808575670246,0.59375,0.6236559139784946,0.5656565656565656,0.36363636363636365,0.3128491620111732,0.6361031518624641,0.7327586206896551
2,"Tesla, Inc.",tcn,platt,0.5882352941176471,0.24691358024691357,0.0,,,0.0,0.0,,,,0.0,0.0,0.0,0.0
2,"Tesla, Inc.",ensemble,platt,0.5882352941176471,0.24691358024691357,0.0,,,0.0,0.0,,,,0.0,0.0,0.0,0.0
2,"Tesla, Inc.",tcn,isotonic,0.5451936872309899,0.3112372075604693,0.14634146341463414,0.2647058823529412,0.1876750700280112,0.09407665505226481,0.1428036683511136,0.6,0.6341463414634146,0.25,0.23993808049535603,0.012345679012345678,0.2607449856733524,0.031609195402298854
2,"Tesla, Inc.",ensemble,isotonic,0.5839311334289814,0.2588151829177217,0.015781922525107604,0.2727272727272727,0.2545454545454546,0.010452961672473868,0.02003798670465337,0.6,0.75,0.0,0.04031635802469136,0.0,0.02005730659025788,0.011494252873563218
2,"Tesla, Inc.",stacked,meta,0.5882352941176471,0.24691358024691357,0.0,,,0.0,0.0,,,,0.0,0.0,0.0,0.0
3,Alphabet Inc.,tcn,raw,0.33102493074792244,0.24242248623587367,0.6301939058171745,0.1824175824175824,0.10342679127725857,0.2832764505119454,0.2553846153846154,0.45604395604395603,0.3939393939393939,0.49137931034482757,0.2047244094488189,0.2878787878787879,0.5290858725761773,0.7313019390581718
3,Alphabet Inc.,ensemble,raw,0.5332409972299169,0.27758874186095356,0.12880886426592797,0.16129032258064516,0.0970873786407767,0.051194539249146756,0.08771929824561403,0.4411764705882353,0.5,0.3888888888888889,0.1038961038961039,0.07446808510638298,0.1329639889196676,0.12465373961218837
3,Alphabet Inc.,tcn,temperature,0.3670360110803324,0.2601081892126668,0.5470914127423823,0.1848101265822785,0.1044349070100143,0.24914675767918087,0.2425249169435216,0.4620253164556962,0.39655172413793105,0.5,0.19327731092436976,0.27472527472527475,0.4515235457063712,0.6426592797783933
3,Alphabet Inc.,ensemble,temperature,0.5554016620498615,0.27859780288245695,0.09002770083102493,0.18461538461538463,0.10810810810810811,0.040955631399317405,0.07317073170731707,0.48,0.5833333333333334,0.38461538461538464,0.0958904109589041,0.054945054945054944,0.09695290858725762,0.08310249307479224
3,Alphabet Inc.,tcn,platt,0.5941828254847645,0.2484795829713293,0.0,,,0.0,0.0,,,,0.0,0.0,0.0,0.0
3,Alphabet Inc.,ensemble,platt,0.5941828254847645,0.2484795829713293,0.0,,,0.0,0.0,,,,0.0,0.0,0.0,0.0
3,Alphabet Inc.,tcn,isotonic,0.5941828254847645,0.2484795829713293,0.0,,,0.0,0.0,,,,0.0,0.0,0.0,0.0
3,Alphabet Inc.,ensemble,isotonic,0.590027700831025,0.24825174825174826,0.009695290858725761,0.0,0.0,0.0,0.0,0.0,,0.0,0.0,0.0,0.0,0.019390581717451522
3,Alphabet Inc.,stacked,meta,0.5941828254847645,0.2484795829713293,0.0,,,0.0,0.0,,,,0.0,0.0,0.0,0.0
3,"Amazon.com, Inc.",tcn,raw,0.2317241379310345,0.15497207710322466,0.9406896551724138,0.19794721407624633,0.11056511056511058,0.48214285714285715,0.32926829268292684,0.5,0.5075757575757576,0.4927536231884058,0.3284313725490196,0.3300970873786408,0.8925619834710744,0.988950276243094
3,"Amazon.com, Inc.",ensemble,raw,0.576551724137931,0.30578639581409667,0.12,0.2413793103448276,0.12962962962962962,0.075,0.11666666666666667,0.5384615384615384,0.5769230769230769,0.46153846153846156,0.15151515151515152,0.07407407407407407,0.1487603305785124,0.09116022099447514
3,"Amazon.com, Inc.",tcn,temperature,0.25103448275862067,0.1740393405880445,0.9131034482758621,0.2039274924471299,0.11306532663316583,0.48214285714285715,0.3341584158415842,0.5113636363636364,0.5275590551181102,0.49635036496350365,0.33668341708542715,0.33170731707317075,0.8484848484848485,0.9779005524861878
3,"Amazon.com, Inc.",ensemble,temperature,0.6068965517241379,0.26055416000608966,0.013793103448275862,0.2,0.1111111111111111,0.007142857142857143,0.013888888888888888,0.6666666666666666,0.6666666666666666,,0.02631578947368421,0.0,0.024793388429752067,0.0027624309392265192
3,"Amazon.com, Inc.",tcn,platt,0.6137931034482759,0.25356125356125353,0.0,,,0.0,0.0,,,,0.0,0.0,0.0,0.0
3,"Amazon.com, Inc.",ensemble,platt,0.6137931034482759,0.25356125356125353,0.0,,,0.0,0.0,,,,0.0,0.0,0.0,0.0
3,"Amazon.com, Inc.",tcn,isotonic,0.5875862068965517,0.2793691756272401,0.06206896551724138,0.2,0.1111111111111111,0.03214285714285714,0.056962025316455694,0.5294117647058824,0.0,0.6,0.0,0.10843373493975904,0.01652892561983471,0.10773480662983426
3,"Amazon.com, Inc.",ensemble,isotonic,0.6096551724137931,0.2659796329974417,0.016551724137931035,0.25,0.13333333333333333,0.010714285714285714,0.020689655172413793,0.5,0.0,0.75,0.0,0.04054054054054054,0.01928374655647383,0.013812154696132596
3,"Amazon.com, Inc.",stacked,meta,0.6068965517241379,0.2563997486544819,0.011034482758620689,0.125,0.07407407407407407,0.0035714285714285713,0.0070921985815602835,0.5,0.0,1.0,0.0,0.014084507042253521,0.01928374655647383,0.0027624309392265192
3,Apple Inc.,tcn,raw,0.44,0.28138832604897546,0.35724137931034483,0.18532818532818532,0.10423452768729641,0.16382252559726962,0.20168067226890757,0.4897959183673469,0.48936170212765956,0.5,0.2875,0.02564102564102564,0.6776859504132231,0.03591160220994475
3,Apple Inc.,ensemble,raw,0.5944827586206897,0.248558246828143,0.001379310344827586,0.0,0.0,0.0,0.0,,,,0.0,0.0,0.0,0.0027624309392265192
3,Apple Inc.,tcn,temperature,0.45517241379310347,0.2793341237958719,0.30758620689655175,0.17488789237668162,0.09923664122137404,0.13310580204778158,0.17567567567567569,0.47560975609756095,0.48148148148148145,0.0,0.2653061224489796,0.0,0.5950413223140496,0.019337016574585635
3,Apple Inc.,ensemble,temperature,0.5958620689655172,0.24891961970613655,0.0,,,0.0,0.0,,,,0.0,0.0,0.0,0.0
3,Apple Inc.,tcn,platt,0.5958620689655172,0.24891961970613655,0.0,,,0.0,0.0,,,,0.0,0.0,0.0,0.0
3,Apple Inc.,ensemble,platt,0.5958620689655172,0.2534512570364764,0.005517241379310344,0.25,0.13333333333333333,0.0034129692832764505,0.00641025641025641,0.3333333333333333,,0.3333333333333333,0.0,0.011627906976744186,0.0,0.011049723756906077
3,Apple Inc.,tcn,isotonic,0.593103448275862,0.2481962481962482,0.002758620689655172,0.0,0.0,0.0,0.0,,,,0.0,0.0,0.0027548209366391185,0.0027624309392265192
3,Apple Inc.,ensemble,isotonic,0.5393103448275862,0.302815182481866,0.16275862068965516,0.211864406779661,0.15123638024401384,0.08532423208191127,0.12831674958540631,0.4807692307692308,0.5,0.4791666666666667,0.028985507246376812,0.17692307692307693,0.03856749311294766,0.287292817679558
3,Apple Inc.,stacked,meta,0.5972413793103448,0.25365172461946656,0.002758620689655172,0.5,0.3333333333333333,0.0034129692832764505,0.0064516129032258064,0.5,,0.5,0.0,0.011764705882352941,0.0,0.0055248618784530384
3,"Meta Platforms, Inc.",tcn,raw,0.4019933554817276,0.3381045239084195,0.5382059800664452,0.19753086419753085,0.19596340526573086,0.2922374429223744,0.3783973101709162,0.5378151260504201,0.6756756756756757,0.47560975609756095,0.34914182475158084,0.3831349206349206,0.33222591362126247,0.7441860465116279
3,"Meta Platforms, Inc.",ensemble,raw,0.6212624584717608,0.2816547204786752,0.03322259136212625,0.25,0.2868686868686869,0.0228310502283105,0.04170014462477904,0.8333333333333334,0.5,1.0,0.017543859649122806,0.04819277108433735,0.009966777408637873,0.05647840531561462
3,"Meta Platforms, Inc.",tcn,temperature,0.46511627906976744,0.33015677960154877,0.36212624584717606,0.17889908256880735,0.18238195912614516,0.1780821917808219,0.26336405529953916,0.5131578947368421,0.65,0.4642857142857143,0.21043478260869564,0.2841046277665996,0.18604651162790697,0.5382059800664452
3,"Meta Platforms, Inc.",ensemble,temperature,0.6312292358803987,0.2746528197782376,0.014950166112956811,0.3333333333333333,0.4166666666666667,0.0136986301369863,0.026309278350515462,1.0,1.0,1.0,0.017857142857142856,0.024691358024691357,0.006644518272425249,0.023255813953488372
3,"Meta Platforms, Inc.",tcn,platt,0.6362126245847176,0.2592216582064298,0.0,,,0.0,0.0,,,,0.0,0.0,0.0,0.0
3,"Meta Platforms, Inc.",ensemble,platt,0.6362126245847176,0.2592216582064298,0.0,,,0.0,0.0,,,,0.0,0.0,0.0,0.0
3,"Meta Platforms, Inc.",tcn,isotonic,0.632890365448505,0.26530339749110404,0.009966777408637873,0.16666666666666666,0.09523809523809523,0.0045662100456621,0.010101010101010102,0.3333333333333333,0.3333333333333333,,0.017241379310344827,0.0,0.016611295681063124,0.0033222591362126247
3,"Meta Platforms, Inc.",ensemble,isotonic,0.6362126245847176,0.2592216582064298,0.0,,,0.0,0.0,,,,0.0,0.0,0.0,0.0
3,"Meta Platforms, Inc.",stacked,meta,0.6362126245847176,0.2592216582064298,0.0,,,0.0,0.0,,,,0.0,0.0,0.0,0.0
3,Microsoft Corporation,tcn,raw,0.5655172413793104,0.31350970017636687,0.18344827586206897,0.21804511278195488,0.11934156378600823,0.10861423220973783,0.15025906735751296,0.5178571428571429,0.5,0.52,0.041666666666666664,0.21487603305785125,0.04132231404958678,0.3259668508287293
3,Microsoft Corporation,ensemble,raw,0.44275862068965516,0.3199493413603501,0.37517241379310345,0.1801470588235294,0.18202666499880124,0.18352059925093633,0.2770034843205575,0.5697674418604651,0.6,0.5535714285714286,0.20399318990868287,0.2940561876015788,0.2837465564738292,0.46685082872928174
3,Microsoft Corporation,tcn,temperature,0.6027586206896551,0.3112526394659764,0.10344827586206896,0.25333333333333335,0.1347517730496454,0.07116104868913857,0.11046511627906977,0.5428571428571428,0.5,0.5454545454545454,0.014705882352941176,0.17307692307692307,0.01652892561983471,0.19060773480662985
3,Microsoft Corporation,ensemble,temperature,0.5613793103448276,0.2963181320694274,0.12551724137931033,0.17582417582417584,0.1732821169440888,0.0599250936329588,0.10711915821404872,0.6666666666666666,0.5,0.75,0.05555555555555555,0.13953488372093023,0.11294765840220386,0.13812154696132597
3,Microsoft Corporation,tcn,platt,0.6317241379310344,0.2581008734854889,0.0,,,0.0,0.0,,,,0.0,0.0,0.0,0.0
3,Microsoft Corporation,ensemble,platt,0.6317241379310344,0.2581008734854889,0.0,,,0.0,0.0,,,,0.0,0.0,0.0,0.0
3,Microsoft Corporation,tcn,isotonic,0.6331034482758621,0.2631501508129184,0.001379310344827586,1.0,1.0,0.003745318352059925,0.007246376811594203,1.0,,1.0,0.0,0.013888888888888888,0.0,0.0027624309392265192
3,Microsoft Corporation,ensemble,isotonic,0.5517241379310345,0.3026815004992155,0.16413793103448276,0.20168067226890757,0.14393939393939395,0.0898876404494382,0.14058156466487226,0.6486486486486487,0.4,0.6875,0.029211087420042643,0.21359223300970873,0.06336088154269973,0.26519337016574585
3,Microsoft Corporation,stacked,meta,0.6317241379310344,0.2581008734854889,0.0,,,0.0,0.0,,,,0.0,0.0,0.0,0.0
3,NVIDIA Corporation,tcn,raw,0.2066115702479339,0.13770986637278534,0.9917355371900827,0.20416666666666666,0.133342051064108,0.47572815533980584,0.3542106497771523,0.4803921568627451,0.5597014925373134,0.4186046511627907,0.42120323841429375,0.3031923513206936,0.9834710743801653,1.0
3,NVIDIA Corporation,ensemble,raw,0.4889807162534435,0.35604504175110746,0.32644628099173556,0.24472573839662448,0.21204620462046206,0.18770226537216828,0.2640921409214092,0.49572649572649574,0.5882352941176471,0.48,0.11764705882352941,0.3150758251561106,0.11294765840220386,0.5399449035812672
3,NVIDIA Corporation,tcn,temperature,0.2066115702479339,0.13770986637278534,0.9917355371900827,0.20416666666666666,0.133342051064108,0.47572815533980584,0.3542106497771523,0.4803921568627451,0.5597014925373134,0.4186046511627907,0.42120323841429375,0.3031923513206936,0.9834710743801653,1.0
3,NVIDIA Corporation,ensemble,temperature,0.4931129476584022,0.3524611940726545,0.31129476584022037,0.24336283185840707,0.2089738512678355,0.1779935275080906,0.2517829026581458,0.49107142857142855,0.6428571428571429,0.46938775510204084,0.10843373493975904,0.3010154738878143,0.09917355371900827,0.5234159779614325
3,NVIDIA Corporation,tcn,platt,0.42699724517906334,0.2998077734385901,0.46005509641873277,0.2634730538922156,0.13902053712480253,0.284789644012945,0.28664495114006516,0.6330935251798561,0.8947368421052632,0.5916666666666667,0.19767441860465115,0.3212669683257919,0.20110192837465565,0.71900826446281
3,NVIDIA Corporation,ensemble,platt,0.5743801652892562,0.2432195975503062,0.0,,,0.0,0.0,,,,0.0,0.0,0.0,0.0
3,NVIDIA Corporation,tcn,isotonic,0.3402203856749311,0.2538803349302203,0.6170798898071626,0.18080357142857142,0.10685148854511733,0.2621359223300971,0.24330588379892193,0.41116751269035534,0.4772727272727273,0.39215686274509803,0.18421052631578946,0.2743779126000176,0.3608815426997245,0.8732782369146006
3,NVIDIA Corporation,ensemble,isotonic,0.5743801652892562,0.2432195975503062,0.0,,,0.0,0.0,,,,0.0,0.0,0.0,0.0
3,NVIDIA Corporation,stacked,meta,0.5426997245179064,0.2397683555337782,0.0440771349862259,0.03125,0.07407407407407407,0.003236245954692557,0.005917159763313609,0.125,0.0,0.5,0.0,0.00980392156862745,0.07988980716253444,0.008264462809917356
3,"Tesla, Inc.",tcn,raw,0.22525107604017217,0.12256049960967995,1.0,0.22525107604017217,0.12256049960967995,0.5376712328767124,0.34966592427616927,0.5376712328767124,0.5384615384615384,0.5369127516778524,0.35,0.34934497816593885,1.0,1.0
3,"Tesla, Inc.",ensemble,raw,0.23529411764705882,0.20218700057409736,0.9612625538020086,0.22686567164179106,0.18693177645590073,0.5205479452054794,0.46631205673758863,0.5487364620938628,0.5597014925373134,0.5384615384615384,0.49307683577346495,0.436098964963746,0.9484240687679083,0.9741379310344828
3,"Tesla, Inc.",tcn,temperature,0.22525107604017217,0.12256049960967995,1.0,0.22525107604017217,0.12256049960967995,0.5376712328767124,0.34966592427616927,0.5376712328767124,0.5384615384615384,0.5369127516778524,0.35,0.34934497816593885,1.0,1.0
3,"Tesla, Inc.",ensemble,temperature,0.266857962697274,0.23498394805570177,0.8780487804878049,0.22875816993464052,0.18069751332400297,0.4794520547945205,0.4325868725868726,0.5533596837944664,0.5641025641025641,0.5441176470588235,0.44575163398692813,0.4173529411764706,0.836676217765043,0.9195402298850575
3,"Tesla, Inc.",tcn,platt,0.5810616929698709,0.2450090744101633,0.0,,,0.0,0.0,,,,0.0,0.0,0.0,0.0
3,"Tesla, Inc.",ensemble,platt,0.5810616929698709,0.2450090744101633,0.0,,,0.0,0.0,,,,0.0,0.0,0.0,0.0
3,"Tesla, Inc.",tcn,isotonic,0.533715925394548,0.31014202448905825,0.15925394548063126,0.2972972972972973,0.15277777777777776,0.11301369863013698,0.16336633663366337,0.7333333333333333,0.6764705882352942,0.9090909090909091,0.2072072072072072,0.10989010989010989,0.25501432664756446,0.06321839080459771
3,"Tesla, Inc.",ensemble,isotonic,0.5810616929698709,0.2450090744101633,0.0,,,0.0,0.0,,,,0.0,0.0,0.0,0.0
3,"Tesla, Inc.",stacked,meta,0.5781922525107605,0.24424242424242426,0.0028694404591104736,0.0,0.0,0.0,0.0,,,,0.0,0.0,0.0057306590257879654,0.0
4,Alphabet Inc.,tcn,raw,0.2590027700831025,0.1890847354918176,0.8448753462603878,0.19672131147540983,0.1095890410958904,0.3973509933774834,0.29411764705882354,0.4669260700389105,0.39,0.5159235668789809,0.23353293413173654,0.3360995850622407,0.7229916897506925,0.9667590027700831
4,Alphabet Inc.,ensemble,raw,0.5263157894736842,0.2868896783511647,0.13434903047091412,0.20618556701030927,0.12345679012345678,0.06622516556291391,0.10989010989010989,0.5405405405405406,0.6666666666666666,0.45454545454545453,0.12195121951219512,0.1,0.12465373961218837,0.1440443213296399
4,Alphabet Inc.,tcn,temperature,0.2770083102493075,0.20605467330254465,0.7867036011080333,0.19718309859154928,0.10980392156862745,0.3708609271523179,0.28940568475452194,0.4745762711864407,0.40476190476190477,0.5131578947368421,0.2251655629139073,0.3305084745762712,0.6398891966759003,0.9335180055401662
4,Alphabet Inc.,ensemble,temperature,0.5761772853185596,0.25966043412851925,0.019390581717451522,0.2857142857142857,0.14814814814814814,0.013245033112582781,0.025477707006369428,0.6666666666666666,0.5,1.0,0.028169014084507043,0.023255813953488372,0.024930747922437674,0.013850415512465374
4,Alphabet Inc.,tcn,platt,0.5817174515235457,0.24518388791593695,0.0,,,0.0,0.0,,,,0.0,0.0,0.0,0.0
4,Alphabet Inc.,ensemble,platt,0.5817174515235457,0.24518388791593695,0.0,,,0.0,0.0,,,,0.0,0.0,0.0,0.0
4,Alphabet Inc.,tcn,isotonic,0.5817174515235457,0.24518388791593695,0.0,,,0.0,0.0,,,,0.0,0.0,0.0,0.0
4,Alphabet Inc.,ensemble,isotonic,0.5817174515235457,0.24518388791593695,0.0,,,0.0,0.0,,,,0.0,0.0,0.0,0.0
4,Alphabet Inc.,stacked,meta,0.5817174515235457,0.24518388791593695,0.0,,,0.0,0.0,,,,0.0,0.0,0.0,0.0
4,"Amazon.com, Inc.",tcn,raw,0.21379310344827587,0.1394560660543198,0.9586206896551724,0.19568345323741007,0.11386079855671083,0.4892086330935252,0.3389417085069259,0.5093632958801498,0.5193798449612403,0.5,0.34782608695652173,0.33014354066985646,0.9228650137741047,0.994475138121547
4,"Amazon.com, Inc.",ensemble,raw,0.5379310344827586,0.34313886276996647,0.27448275862068966,0.25125628140703515,0.18058091286307054,0.17985611510791366,0.229242156771656,0.5434782608695652,0.574468085106383,0.5111111111111111,0.23076923076923078,0.22443737769080235,0.25895316804407714,0.2900552486187845
4,"Amazon.com, Inc.",tcn,temperature,0.23448275862068965,0.15819225746038787,0.9255172413793104,0.19970193740685543,0.11124948111249482,0.48201438848920863,0.3341645885286783,0.5153846153846153,0.5241935483870968,0.5073529411764706,0.33505154639175255,0.3333333333333333,0.8705234159779615,0.9806629834254144
4,"Amazon.com, Inc.",ensemble,temperature,0.6179310344827587,0.2591453522281874,0.001379310344827586,1.0,1.0,0.0035971223021582736,0.006993006993006993,1.0,1.0,,0.013888888888888888,0.0,0.0027548209366391185,0.0
4,"Amazon.com, Inc.",tcn,platt,0.616551724137931,0.25426621160409557,0.0,,,0.0,0.0,,,,0.0,0.0,0.0,0.0
4,"Amazon.com, Inc.",ensemble,platt,0.616551724137931,0.25426621160409557,0.0,,,0.0,0.0,,,,0.0,0.0,0.0,0.0
4,"Amazon.com, Inc.",tcn,isotonic,0.6110344827586207,0.2528538812785388,0.005517241379310344,0.0,0.0,0.0,0.0,,,,0.0,0.0,0.0027548209366391185,0.008287292817679558
4,"Amazon.com, Inc.",ensemble,isotonic,0.6220689655172413,0.27884117093059485,0.012413793103448275,0.5555555555555556,0.35555555555555557,0.017985611510791366,0.03496503496503497,0.625,0.25,1.0,0.013888888888888888,0.0547945205479452,0.013774104683195593,0.011049723756906077
4,"Amazon.com, Inc.",stacked,meta,0.6013793103448276,0.2823627927408506,0.0496551724137931,0.2222222222222222,0.12403100775193798,0.02877697841726619,0.05228758169934641,0.47058823529411764,0.3333333333333333,0.8,0.05063291139240506,0.05405405405405406,0.0743801652892562,0.024861878453038673
4,Apple Inc.,tcn,raw,0.20275862068965517,0.11251435132032146,1.0,0.20275862068965517,0.11251435132032146,0.4696485623003195,0.31956521739130433,0.4696485623003195,0.4825174825174825,0.4588235294117647,0.32547169811320753,0.31451612903225806,1.0,1.0
4,Apple Inc.,ensemble,raw,0.46482758620689657,0.2828252964040994,0.27034482758620687,0.15816326530612246,0.10841737349451235,0.09904153354632587,0.13764765016335762,0.34444444444444444,0.4666666666666667,0.2833333333333333,0.1414141414141414,0.13470583699591332,0.20110192837465565,0.3397790055248619
4,Apple Inc.,tcn,temperature,0.20413793103448277,0.11425788316495505,0.9986206896551724,0.20303867403314918,0.11264367816091954,0.4696485623003195,0.31956521739130433,0.4696485623003195,0.4825174825174825,0.4588235294117647,0.32547169811320753,0.31451612903225806,1.0,0.9972375690607734
4,Apple Inc.,ensemble,temperature,0.543448275862069,0.24632908770839804,0.037241379310344824,0.1111111111111111,0.06666666666666667,0.009584664536741214,0.0196078431372549,0.5,0.5,,0.04,0.0,0.03305785123966942,0.04143646408839779
4,Apple Inc.,tcn,platt,0.5682758620689655,0.2415713866901202,0.0,,,0.0,0.0,,,,0.0,0.0,0.0,0.0
4,Apple Inc.,ensemble,platt,0.5682758620689655,0.2415713866901202,0.0,,,0.0,0.0,,,,0.0,0.0,0.0,0.0
4,Apple Inc.,tcn,isotonic,0.5379310344827586,0.27665291406171594,0.10206896551724139,0.17567567567567569,0.12625570776255707,0.04153354632587859,0.0670995670995671,0.3333333333333333,,0.3333333333333333,0.0,0.10853889943074004,0.005509641873278237,0.19889502762430938
4,Apple Inc.,ensemble,isotonic,0.5462068965517242,0.2789814023210608,0.07172413793103448,0.23076923076923078,0.2074074074074074,0.038338658146964855,0.0696898729685615,0.5,0.5714285714285714,0.47058823529411764,0.05263157894736842,0.07339449541284404,0.03305785123966942,0.11049723756906077
4,Apple Inc.,stacked,meta,0.5655172413793104,0.24124742571344512,0.005517241379310344,0.0,0.0,0.0,0.0,0.0,,0.0,0.0,0.0,0.0,0.011049723756906077
4,"Meta Platforms, Inc.",tcn,raw,0.3504983388704319,0.300818644331945,0.5897009966777409,0.18873239436619718,0.17247386759581881,0.2701612903225806,0.32800840777719387,0.46206896551724136,0.5714285714285714,0.4174757281553398,0.2930783242258652,0.34807692307692306,0.36212624584717606,0.8172757475083057
4,"Meta Platforms, Inc.",ensemble,raw,0.5714285714285714,0.2783391881382399,0.04817275747508306,0.27586206896551724,0.27736006683375103,0.03225806451612903,0.056794763001575946,0.7272727272727273,,0.7272727272727273,0.0,0.09143518518518519,0.006644518272425249,0.08970099667774087
4,"Meta Platforms, Inc.",tcn,temperature,0.4335548172757475,0.31387241093082874,0.3770764119601329,0.1894273127753304,0.17688616159232162,0.17338709677419356,0.24632198402690206,0.4725274725274725,0.5925925925925926,0.421875,0.20776874435411022,0.26635604736944285,0.2558139534883721,0.4983388704318937
4,"Meta Platforms, Inc.",ensemble,temperature,0.5764119601328903,0.27531473584193517,0.036544850498338874,0.3181818181818182,0.3111111111111111,0.028225806451612902,0.05038831935383659,0.875,,0.875,0.0,0.08238866396761134,0.006644518272425249,0.0664451827242525
4,"Meta Platforms, Inc.",tcn,platt,0.5880398671096345,0.24686192468619247,0.0,,,0.0,0.0,,,,0.0,0.0,0.0,0.0
4,"Meta Platforms, Inc.",ensemble,platt,0.5880398671096345,0.24686192468619247,0.0,,,0.0,0.0,,,,0.0,0.0,0.0,0.0
4,"Meta Platforms, Inc.",tcn,isotonic,0.5813953488372093,0.2717109667588243,0.03156146179401993,0.2631578947368421,0.14492753623188406,0.020161290322580645,0.04201680672268908,0.5,1.0,0.4444444444444444,0.016666666666666666,0.06779661016949153,0.0033222591362126247,0.059800664451827246
4,"Meta Platforms, Inc.",ensemble,isotonic,0.5880398671096345,0.24686192468619247,0.0,,,0.0,0.0,,,,0.0,0.0,0.0,0.0
4,"Meta Platforms, Inc.",stacked,meta,0.5332225913621262,0.30464050235478807,0.1345514950166113,0.2222222222222222,0.21764705882352942,0.07258064516129033,0.1306390977443609,0.6,0.6428571428571429,0.5625,0.14761904761904762,0.12784679089026915,0.14950166112956811,0.11960132890365449
4,Microsoft Corporation,tcn,raw,0.5282758620689655,0.3182198268011193,0.25517241379310346,0.23243243243243245,0.1274074074074074,0.1519434628975265,0.18777292576419213,0.5180722891566265,0.5,0.5194805194805194,0.03896103896103896,0.2631578947368421,0.046831955922865015,0.46408839779005523
4,Microsoft Corporation,ensemble,raw,0.47448275862068967,0.3538497618652403,0.3586206896551724,0.22692307692307692,0.21598215191157086,0.20848056537102475,0.30463861920172597,0.5728155339805825,0.6176470588235294,0.5507246376811594,0.21858585858585858,0.32306097446046556,0.2396694214876033,0.47790055248618785
4,Microsoft Corporation,tcn,temperature,0.5517241379310345,0.3219626189163877,0.20413793103448277,0.25,0.13479052823315119,0.13074204946996468,0.17209302325581396,0.5362318840579711,0.6666666666666666,0.5303030303030303,0.02702702702702703,0.24822695035460993,0.024793388429752067,0.3839779005524862
4,Microsoft Corporation,ensemble,temperature,0.5282758620689655,0.35591641476243346,0.23586206896551723,0.2573099415204678,0.2452431289640592,0.15547703180212014,0.2502116574405731,0.6470588235294118,0.625,0.6590909090909091,0.16906906906906907,0.28615457562825986,0.15977961432506887,0.31215469613259667
4,Microsoft Corporation,tcn,platt,0.6096551724137931,0.25249928591830906,0.0,,,0.0,0.0,,,,0.0,0.0,0.0,0.0
4,Microsoft Corporation,ensemble,platt,0.6096551724137931,0.25249928591830906,0.0,,,0.0,0.0,,,,0.0,0.0,0.0,0.0
4,Microsoft Corporation,tcn,isotonic,0.5972413793103448,0.3175883256528418,0.09793103448275862,0.30985915492957744,0.15770609318996417,0.07773851590106007,0.11827956989247312,0.55,1.0,0.5384615384615384,0.013888888888888888,0.18421052631578946,0.005509641873278237,0.19060773480662985
4,Microsoft Corporation,ensemble,isotonic,0.5613793103448276,0.3068247541931753,0.14206896551724138,0.24271844660194175,0.13227513227513227,0.08833922261484099,0.13227513227513227,0.5813953488372093,0.3333333333333333,0.6,0.013513513513513514,0.20869565217391303,0.03581267217630854,0.24861878453038674
4,Microsoft Corporation,stacked,meta,0.6096551724137931,0.25249928591830906,0.0,,,0.0,0.0,,,,0.0,0.0,0.0,0.0
4,NVIDIA Corporation,tcn,raw,0.19696969696969696,0.1439238165701006,0.9917355371900827,0.19166666666666668,0.13614984275416772,0.44516129032258067,0.351421441503156,0.44660194174757284,0.5703703703703704,0.3505747126436782,0.4583619152147071,0.2725052725052725,0.9834710743801653,1.0
4,NVIDIA Corporation,ensemble,raw,0.4931129476584022,0.3723854272052147,0.349862258953168,0.2677165354330709,0.22848854731766122,0.21935483870967742,0.2987457738030319,0.53125,0.4,0.5714285714285714,0.1342124542124542,0.36405648267008983,0.1652892561983471,0.5344352617079889
4,NVIDIA Corporation,tcn,temperature,0.19834710743801653,0.14560610752958142,0.990358126721763,0.19193324061196107,0.13627506593023833,0.44516129032258067,0.351421441503156,0.44660194174757284,0.5703703703703704,0.3505747126436782,0.4583619152147071,0.2725052725052725,0.9807162534435262,1.0
4,NVIDIA Corporation,ensemble,temperature,0.49449035812672176,0.36072870793705264,0.3209366391184573,0.26180257510729615,0.22174559795205315,0.1967741935483871,0.27233904284454347,0.5304347826086957,0.3333333333333333,0.574468085106383,0.08139534883720931,0.3587509077705156,0.1349862258953168,0.5068870523415978
4,NVIDIA Corporation,tcn,platt,0.46143250688705234,0.32261996687889427,0.44077134986225897,0.30625,0.15629984051036683,0.3161290322580645,0.30434782608695654,0.6950354609929078,0.9375,0.664,0.18292682926829268,0.3458333333333333,0.162534435261708,0.71900826446281
4,NVIDIA Corporation,ensemble,platt,0.5730027548209367,0.2428488032691185,0.0,,,0.0,0.0,,,,0.0,0.0,0.0,0.0
4,NVIDIA Corporation,tcn,isotonic,0.32644628099173556,0.24273670396119376,0.628099173553719,0.16228070175438597,0.0930817610062893,0.23870967741935484,0.22289156626506024,0.3645320197044335,0.5,0.3248407643312102,0.19827586206896552,0.2361111111111111,0.35537190082644626,0.9008264462809917
4,NVIDIA Corporation,ensemble,isotonic,0.5730027548209367,0.2428488032691185,0.0,,,0.0,0.0,,,,0.0,0.0,0.0,0.0
4,NVIDIA Corporation,stacked,meta,0.43388429752066116,0.30951976200594983,0.4986225895316804,0.2983425414364641,0.15319148936170213,0.34838709677419355,0.32335329341317365,0.7058823529411765,0.8846153846153846,0.6692913385826772,0.25,0.3512396694214876,0.2727272727272727,0.7245179063360881
4,"Tesla, Inc.",tcn,raw,0.21951219512195122,0.12,1.0,0.21951219512195122,0.12,0.53125,0.3469387755102041,0.53125,0.5220588235294118,0.5394736842105263,0.34299516908212563,0.3504273504273504,1.0,1.0
4,"Tesla, Inc.",ensemble,raw,0.242467718794835,0.21104366960590473,0.9483500717360115,0.22390317700453857,0.18291647367608463,0.5138888888888888,0.4567711328349626,0.5421245421245421,0.5819672131147541,0.5099337748344371,0.48968253968253966,0.4273785425101215,0.9169054441260746,0.9798850574712644
4,"Tesla, Inc.",tcn,temperature,0.21951219512195122,0.12,1.0,0.21951219512195122,0.12,0.53125,0.3469387755102041,0.53125,0.5220588235294118,0.5394736842105263,0.34299516908212563,0.3504273504273504,1.0,1.0
4,"Tesla, Inc.",ensemble,temperature,0.2898134863701578,0.2496597474434307,0.8263988522238164,0.2222222222222222,0.16538240113369648,0.4444444444444444,0.39322813938198553,0.5311203319502075,0.5392156862745098,0.5251798561151079,0.37278481012658227,0.41166981866726,0.7650429799426934,0.8879310344827587
4,"Tesla, Inc.",tcn,platt,0.5868005738880918,0.24653405666063896,0.0,,,0.0,0.0,,,,0.0,0.0,0.0,0.0
4,"Tesla, Inc.",ensemble,platt,0.5868005738880918,0.24653405666063896,0.0,,,0.0,0.0,,,,0.0,0.0,0.0,0.0
4,"Tesla, Inc.",tcn,isotonic,0.539454806312769,0.3151007070105517,0.15781922525107603,0.3090909090909091,0.1574074074074074,0.11805555555555555,0.17346938775510204,0.7906976744186046,0.7333333333333333,0.9230769230769231,0.21782178217821782,0.12631578947368421,0.23782234957020057,0.07758620689655173
4,"Tesla, Inc.",ensemble,isotonic,0.5868005738880918,0.24653405666063896,0.0,,,0.0,0.0,,,,0.0,0.0,0.0,0.0
4,"Tesla, Inc.",stacked,meta,0.5868005738880918,0.24653405666063896,0.0,,,0.0,0.0,,,,0.0,0.0,0.0,0.0
5,Alphabet Inc.,tcn,raw,0.24376731301939059,0.1729286674956226,0.8781163434903048,0.20031545741324921,0.11140350877192982,0.41233766233766234,0.3016627078384798,0.4721189591078067,0.42424242424242425,0.5,0.25301204819277107,0.3333333333333333,0.7562326869806094,1.0
5,Alphabet Inc.,ensemble,raw,0.5373961218836565,0.27999976620902084,0.09695290858725762,0.21428571428571427,0.12345679012345678,0.048701298701298704,0.0847457627118644,0.5172413793103449,0.6153846153846154,0.4375,0.1,0.07216494845360824,0.09418282548476455,0.0997229916897507
5,Alphabet Inc.,tcn,temperature,0.2520775623268698,0.1821554610442494,0.8587257617728532,0.2,0.11126065500224315,0.4025974025974026,0.2980769230769231,0.4696969696969697,0.4148936170212766,0.5,0.2422360248447205,0.3333333333333333,0.7174515235457064,1.0
5,Alphabet Inc.,ensemble,temperature,0.5761772853185596,0.2564522508369961,0.009695290858725761,0.42857142857142855,0.19999999999999998,0.00974025974025974,0.0189873417721519,0.5,0.0,1.0,0.0,0.03409090909090909,0.008310249307479225,0.0110803324099723
5,Alphabet Inc.,tcn,platt,0.5734072022160664,0.24295774647887325,0.0,,,0.0,0.0,,,,0.0,0.0,0.0,0.0
5,Alphabet Inc.,ensemble,platt,0.5734072022160664,0.24295774647887325,0.0,,,0.0,0.0,,,,0.0,0.0,0.0,0.0
5,Alphabet Inc.,tcn,isotonic,0.5734072022160664,0.24295774647887325,0.0,,,0.0,0.0,,,,0.0,0.0,0.0,0.0
5,Alphabet Inc.,ensemble,isotonic,0.5734072022160664,0.24295774647887325,0.0,,,0.0,0.0,,,,0.0,0.0,0.0,0.0
5,Alphabet Inc.,stacked,meta,0.5734072022160664,0.24295774647887325,0.0,,,0.0,0.0,,,,0.0,0.0,0.0,0.0
5,"Amazon.com, Inc.",tcn,raw,0.1986206896551724,0.11709687215305194,0.983448275862069,0.1935483870967742,0.1083627797408716,0.4726027397260274,0.323943661971831,0.4825174825174825,0.5,0.4652777777777778,0.3302325581395349,0.3175355450236967,0.9669421487603306,1.0
5,"Amazon.com, Inc.",ensemble,raw,0.5131034482758621,0.3498527871509652,0.35172413793103446,0.2627450980392157,0.17283264650954608,0.22945205479452055,0.2651847518767671,0.5275590551181102,0.5384615384615384,0.5161290322580645,0.25,0.2758350475071016,0.3581267217630854,0.3453038674033149
5,"Amazon.com, Inc.",tcn,temperature,0.2082758620689655,0.12902392084724257,0.9668965517241379,0.19543509272467904,0.10911987256073279,0.4691780821917808,0.32387706855791965,0.4858156028368794,0.5072463768115942,0.4652777777777778,0.330188679245283,0.3175355450236967,0.9338842975206612,1.0
5,"Amazon.com, Inc.",ensemble,temperature,0.5972413793103448,0.2492803684513529,0.0,,,0.0,0.0,,,,0.0,0.0,0.0,0.0
5,"Amazon.com, Inc.",tcn,platt,0.5972413793103448,0.2492803684513529,0.0,,,0.0,0.0,,,,0.0,0.0,0.0,0.0
5,"Amazon.com, Inc.",ensemble,platt,0.5972413793103448,0.2492803684513529,0.0,,,0.0,0.0,,,,0.0,0.0,0.0,0.0
5,"Amazon.com, Inc.",tcn,isotonic,0.576551724137931,0.25338284132944516,0.03586206896551724,0.07692307692307693,0.08454106280193237,0.00684931506849315,0.013292704469175059,0.2222222222222222,0.0,0.25,0.0,0.026356857985087564,0.008264462809917356,0.06353591160220995
5,"Amazon.com, Inc.",ensemble,isotonic,0.6041379310344828,0.2803673831281193,0.019310344827586208,0.5,0.3057644110275689,0.023972602739726026,0.04426008773834861,0.5833333333333334,0.5,0.625,0.02631578947368421,0.058823529411764705,0.011019283746556474,0.027624309392265192
5,"Amazon.com, Inc.",stacked,meta,0.5917241379310345,0.24826388888888887,0.008275862068965517,0.0,0.0,0.0,0.0,0.0,0.0,,0.0,0.0,0.005509641873278237,0.011049723756906077
5,Apple Inc.,tcn,raw,0.3062068965517241,0.22989968191827748,0.6372413793103449,0.19913419913419914,0.11070998796630566,0.2893081761006289,0.27627627627627627,0.4972972972972973,0.49645390070921985,0.5,0.3286384976525822,0.18333333333333332,0.9641873278236914,0.30939226519337015
5,Apple Inc.,ensemble,raw,0.41379310344827586,0.28227109025428354,0.4124137931034483,0.19732441471571907,0.1111111111111111,0.18553459119496854,0.21223021582733814,0.44360902255639095,0.525,0.40860215053763443,0.1875,0.2289156626506024,0.30578512396694213,0.5193370165745856
5,Apple Inc.,tcn,temperature,0.35310344827586204,0.2562862669245648,0.5241379310344828,0.20526315789473684,0.11353711790393013,0.24528301886792453,0.2608695652173913,0.5165562913907285,0.5185185185185185,0.5,0.33816425120772947,0.08695652173913043,0.9035812672176309,0.143646408839779
5,Apple Inc.,ensemble,temperature,0.5089655172413793,0.25405844155844154,0.10482758620689656,0.11842105263157894,0.07058823529411765,0.02830188679245283,0.05084745762711865,0.3103448275862069,0.4,0.21428571428571427,0.06896551724137931,0.03333333333333333,0.07713498622589532,0.13259668508287292
5,Apple Inc.,tcn,platt,0.5613793103448276,0.2396937573616019,0.0,,,0.0,0.0,,,,0.0,0.0,0.0,0.0
5,Apple Inc.,ensemble,platt,0.5613793103448276,0.2396937573616019,0.0,,,0.0,0.0,,,,0.0,0.0,0.0,0.0
5,Apple Inc.,tcn,isotonic,0.5586206896551724,0.2393617021276596,0.005517241379310344,0.0,0.0,0.0,0.0,0.0,,0.0,0.0,0.0,0.0027548209366391185,0.008287292817679558
5,Apple Inc.,ensemble,isotonic,0.4882758620689655,0.2772918156644844,0.18758620689655173,0.18382352941176472,0.11185682326621925,0.07861635220125786,0.11061946902654868,0.43103448275862066,0.0,0.44642857142857145,0.0,0.16556291390728478,0.008264462809917356,0.3674033149171271
5,Apple Inc.,stacked,meta,0.5448275862068965,0.2357505222321695,0.020689655172413793,0.0,0.0,0.0,0.0,0.0,,0.0,0.0,0.0,0.0,0.04143646408839779
5,"Meta Platforms, Inc.",tcn,raw,0.44518272425249167,0.29753637566137564,0.3388704318936877,0.15196078431372548,0.13740999898590406,0.12704918032786885,0.1837158387437717,0.37349397590361444,0.4375,0.3582089552238806,0.11199763593380616,0.2281854353659665,0.24584717607973422,0.4318936877076412
5,"Meta Platforms, Inc.",ensemble,raw,0.5581395348837209,0.27270258980785295,0.07973421926910298,0.14583333333333334,0.15762273901808785,0.028688524590163935,0.05303381194997684,0.3684210526315789,0.16666666666666666,0.46153846153846156,0.014925373134328358,0.07588652482269503,0.026578073089700997,0.132890365448505
5,"Meta Platforms, Inc.",tcn,temperature,0.5066445182724253,0.2840028441460422,0.2026578073089701,0.13114754098360656,0.10869565217391304,0.06557377049180328,0.10386121482560787,0.3018867924528302,0.4166666666666667,0.2682926829268293,0.07936507936507936,0.12354932301740813,0.14950166112956811,0.2558139534883721
5,"Meta Platforms, Inc.",ensemble,temperature,0.584717607973422,0.2712218397997497,0.03322259136212625,0.25,0.2558922558922559,0.020491803278688523,0.039171374764595104,0.5555555555555556,0.0,0.8333333333333334,0.0,0.06929510155316607,0.009966777408637873,0.05647840531561462
5,"Meta Platforms, Inc.",tcn,platt,0.5930232558139535,0.24817518248175183,0.0016611295681063123,0.0,0.0,0.0,0.0,,,,0.0,0.0,0.0033222591362126247,0.0
5,"Meta Platforms, Inc.",ensemble,platt,0.5946843853820598,0.24861111111111112,0.0,,,0.0,0.0,,,,0.0,0.0,0.0,0.0
5,"Meta Platforms, Inc.",tcn,isotonic,0.5880398671096345,0.2569396720677245,0.018272425249169437,0.18181818181818182,0.14814814814814814,0.00819672131147541,0.014705882352941176,0.4,,0.4,0.0,0.02127659574468085,0.0,0.036544850498338874
5,"Meta Platforms, Inc.",ensemble,isotonic,0.606312292358804,0.29814608550240734,0.024916943521594685,0.6666666666666666,0.40606060606060607,0.040983606557377046,0.0725254394079556,0.8333333333333334,0.6666666666666666,0.8888888888888888,0.045454545454545456,0.09103287298191012,0.009966777408637873,0.03986710963455149
5,"Meta Platforms, Inc.",stacked,meta,0.5415282392026578,0.3079626556299984,0.14950166112956811,0.2222222222222222,0.2071392659627954,0.08196721311475409,0.13900080580177276,0.5263157894736842,0.47368421052631576,0.5789473684210527,0.1445887445887446,0.15591654722089504,0.18604651162790697,0.11295681063122924
5,Microsoft Corporation,tcn,raw,0.36689655172413793,0.3188280208631948,0.5875862068965517,0.20657276995305165,0.19170653907496013,0.30985915492957744,0.37659468023013426,0.5398773006134969,0.5897435897435898,0.5241935483870968,0.21495327102803738,0.3485973597359736,0.3443526170798898,0.8314917127071824
5,Microsoft Corporation,ensemble,raw,0.41793103448275865,0.3296156596025909,0.4510344827586207,0.19571865443425077,0.18880534670008353,0.22535211267605634,0.31337994444976536,0.512,0.65625,0.46236559139784944,0.21694557515453036,0.3362420830401126,0.23140495867768596,0.6712707182320442
5,Microsoft Corporation,tcn,temperature,0.38620689655172413,0.31569953670927525,0.5227586206896552,0.20580474934036938,0.18584678804534524,0.2746478873239437,0.34011874469889736,0.5571428571428572,0.75,0.5172413793103449,0.1935483870967742,0.30456852791878175,0.2534435261707989,0.7928176795580111
5,Microsoft Corporation,ensemble,temperature,0.5751724137931035,0.29902246505659597,0.09241379310344827,0.2537313432835821,0.17956656346749225,0.05985915492957746,0.10076149606630484,0.6538461538461539,,0.6538461538461539,0.0,0.16522911051212938,0.011019283746556474,0.17403314917127072
5,Microsoft Corporation,tcn,platt,0.6082758620689656,0.2521440823327616,0.0,,,0.0,0.0,,,,0.0,0.0,0.0,0.0
5,Microsoft Corporation,ensemble,platt,0.6082758620689656,0.2521440823327616,0.0,,,0.0,0.0,,,,0.0,0.0,0.0,0.0
5,Microsoft Corporation,tcn,isotonic,0.6082758620689656,0.2521440823327616,0.0,,,0.0,0.0,,,,0.0,0.0,0.0,0.0
5,Microsoft Corporation,ensemble,isotonic,0.5793103448275863,0.30803319906827337,0.10344827586206896,0.28,0.15053763440860216,0.07394366197183098,0.11731843575418995,0.6363636363636364,,0.6363636363636364,0.0,0.18421052631578946,0.008264462809917356,0.19889502762430938
5,Microsoft Corporation,stacked,meta,0.6082758620689656,0.2521440823327616,0.0,,,0.0,0.0,,,,0.0,0.0,0.0,0.0
5,NVIDIA Corporation,tcn,raw,0.2327823691460055,0.17980543544453317,0.9669421487603306,0.20797720797720798,0.14485305124494785,0.46645367412140576,0.36355842947069344,0.46794871794871795,0.6086956521739131,0.3563218390804598,0.48143547273982057,0.27586206896551724,0.9338842975206612,1.0
5,NVIDIA Corporation,ensemble,raw,0.45179063360881544,0.3521873631369619,0.40082644628099173,0.23367697594501718,0.20894546405684641,0.21725239616613418,0.29620034542314333,0.4927536231884058,0.5151515151515151,0.4857142857142857,0.16855203619909503,0.32217622708456534,0.19559228650137742,0.6060606060606061
5,NVIDIA Corporation,tcn,temperature,0.23553719008264462,0.18295378977491636,0.9641873278236914,0.20857142857142857,0.14512471655328799,0.46645367412140576,0.36355842947069344,0.46794871794871795,0.6086956521739131,0.3563218390804598,0.48143547273982057,0.27586206896551724,0.928374655647383,1.0
5,NVIDIA Corporation,ensemble,temperature,0.4834710743801653,0.33894250209851445,0.28512396694214875,0.2463768115942029,0.2144575378338053,0.16293929712460065,0.2376292281441333,0.5425531914893617,0.5454545454545454,0.5421686746987951,0.06896551724137931,0.3094516594516594,0.0881542699724518,0.4820936639118457
5,NVIDIA Corporation,tcn,platt,0.568870523415978,0.24173251390108283,0.0,,,0.0,0.0,,,,0.0,0.0,0.0,0.0
5,NVIDIA Corporation,ensemble,platt,0.568870523415978,0.24173251390108283,0.0,,,0.0,0.0,,,,0.0,0.0,0.0,0.0
5,NVIDIA Corporation,tcn,isotonic,0.5702479338842975,0.24571141097309515,0.0013774104683195593,1.0,1.0,0.003194888178913738,0.005649717514124294,1.0,,1.0,0.0,0.008695652173913044,0.0,0.0027548209366391185
5,NVIDIA Corporation,ensemble,isotonic,0.568870523415978,0.24173251390108283,0.0,,,0.0,0.0,,,,0.0,0.0,0.0,0.0
5,NVIDIA Corporation,stacked,meta,0.5413223140495868,0.2632659856351025,0.05647382920110193,0.24390243902439024,0.13071895424836602,0.03194888178913738,0.053475935828877004,0.9090909090909091,0.8888888888888888,1.0,0.11267605633802817,0.017241379310344827,0.10743801652892562,0.005509641873278237
5,"Tesla, Inc.",tcn,raw,0.23242467718794835,0.12572759022118743,1.0,0.23242467718794835,0.12572759022118743,0.5436241610738255,0.3521739130434783,0.5436241610738255,0.5263157894736842,0.5575757575757576,0.3448275862068966,0.35797665369649806,1.0,1.0
5,"Tesla, Inc.",ensemble,raw,0.2467718794835007,0.19588739543677,0.9670014347202296,0.2344213649851632,0.1754600505614675,0.5302013422818792,0.4346452249964734,0.5467128027681661,0.5634920634920635,0.5337423312883436,0.4500499500499501,0.4221917181423015,0.9541547277936963,0.9798850574712644
5,"Tesla, Inc.",tcn,temperature,0.23242467718794835,0.12572759022118743,1.0,0.23242467718794835,0.12572759022118743,0.5436241610738255,0.3521739130434783,0.5436241610738255,0.5263157894736842,0.5575757575757576,0.3448275862068966,0.35797665369649806,1.0,1.0
5,"Tesla, Inc.",ensemble,temperature,0.3314203730272597,0.26295295304754673,0.806312769010043,0.2508896797153025,0.1580246913580247,0.47315436241610737,0.373112582781457,0.5573122529644269,0.5754716981132075,0.54421768707483,0.3485714285714286,0.3908045977011494,0.7392550143266475,0.8735632183908046
5,"Tesla, Inc.",tcn,platt,0.5724533715925395,0.2427007299270073,0.0,,,0.0,0.0,,,,0.0,0.0,0.0,0.0
5,"Tesla, Inc.",ensemble,platt,0.5724533715925395,0.2427007299270073,0.0,,,0.0,0.0,,,,0.0,0.0,0.0,0.0
5,"Tesla, Inc.",tcn,isotonic,0.5724533715925395,0.2427007299270073,0.0,,,0.0,0.0,,,,0.0,0.0,0.0,0.0
5,"Tesla, Inc.",ensemble,isotonic,0.569583931133429,0.25961524394704116,0.015781922525107604,0.36363636363636365,0.17777777777777778,0.013422818791946308,0.028368794326241134,0.8,,0.8,0.0,0.05128205128205128,0.0057306590257879654,0.02586206896551724
5,"Tesla, Inc.",stacked,meta,0.5652797704447633,0.2587337176465259,0.021520803443328552,0.3333333333333333,0.25,0.016778523489932886,0.029940119760479042,1.0,1.0,1.0,0.0410958904109589,0.02127659574468085,0.034383954154727794,0.008620689655172414
